Date,Brk,Hour,Weight,Anchor Offset,Water Height,Harness,Horizontal Distance,Additional Factors,JM,JA,Cord Serial Number,Breaks
10/20/2024,,10,152,22,1,AF,0,,ZS,CD,6552 4822,0
,,10,140,15,,AF,,,,,6552 4822,
,B,10,137,30,2,AF,2,,,,6552 4822,
,,11,152,23,-2,AF,0,,,,6552 4822,
,,11,141,27,0,AF,0,,,,6552 4822,
,B,12,154,25,-2,AF,1,,,,6552 4822,
,,12,153,22,-3,AF,1,,,,6552 4822,
,,12,138,21,,AF,,,,,6552 4822,
,B,13,149,23,4,AF,2,,,,6552 4822,
,,13,149,29,0,AF,1,,,,6552 4822,
,,14,138,31,-3,AF,3,,,,6552 4822,
,B,15,159,23,-3,AF,4,,,,6552 4822,
,B/2,15,156,21,-2,AF,0,,,,6552 4822,
,B/2,15,136,32,-3,AF,0,,,,6552 4822,
,,15,127,35,-1,AF,2,,,,6552 4822,
,,15,158,20,-2,AF,0,STRAIGHTDOWN,,,6552 4822,
,,15,158,12,,AF,,,,,6552 4822,
,,15,141,21,,AF,,,,,6552 4822,
,,15,140,21,,AF,,,,,6552 4822,
,B,16,162,22,0,AF,2,,,,6552 4822,
,,16,155,12,,AF,,,,,6552 4822,
,,16,145,23,-5,AF,0,,,,6552 4822,
,B,17,150,24,,BF,,,CAB,CD,6552 4822,
10/21/2024,F,,136,36,-3,BF,0,,ZS,ZG,6552 4822,
,B,14,138,31,-1,AF,0,,,,6552 4822,
,,14,131,31,-1,AF,0,,,,6552 4822,
,B,15,147,6,,AF,,,,,6552 4822,
,,15,141,12,,AF,,,,,6552 4822,
,,15,112,16,,AF,,,,,6552 4822,
,B,17,156,23,0,AF,0,,,,6552 4822,
,,17,156,21,0,AF,1,,,,6552 4822,
,B/2,17,152,24,-1,AF,1,,,,6552 4822,
,,17,117,6,,AF,,,,,6552 4822,
10/24/2024,F,13,153,18,,BF,,,,,6552 4822,0
,,13,155,24,-3,AF,0,,,,6552 4822,
,,13,148,24,-1,AF,1,,,,6552 4822,
,,13,137,24,2,AF,,DEADMAN,,,6552 4822,
,,13,129,35,-4,AF,0,,,,6552 4822,
,B,14,156,18,,BF,,,ZS,ZG,6552 4822,
,,14,119,27,,BF,,,,,6552 4822,
,B,16,183,4,4,AF,2,,ZS,ZG,6552 4822,
,,16,156,24,-5,AF,0,STRAIGHTDOWN,,,6552 4822,
,,16,152,24,-5,AF,0,,,,6552 4822,
,,16,149,23,-1,AF,0,,,,6552 4822,
,,16,147,23,-1,AF,0,,,,6552 4822,
,,16,140,23,1,AF,0,,,,6552 4822,
,,16,130,33,-3,AF,2,,,,6552 4822,
,,16,126,24,,AF,,,,,6552 4822,
10/25/2024,F,14,156,26,0,AF,1,,,,6552 4822,
,,14,146,18,3,AF,0,,,,6552 4822,
,,14,137,29,-2,AF,1,,,,6552 4822,
,,14,169,6,,AF,,,,,6552 4822,
,B,15,116,22,-4,AF,0,,,,6552 4822,
,,15,156,19,0,AF,1,,,,6552 4822,
,B,17,164,23,-6,AF,0,,,,6552 4822,
,,17,163,18,-3,AF,0,,,,6552 4822,
10/26/2024,F,11,153,6,,AF,,,ZS,ZG,6552 4822,
,,11,127,21,,AF,,,,,6552 4822,
,,11,125,21,,AF,,,,,6552 4822,
,,11,121,21,,AF,,,,,6552 4822,
,,11,119,21,,AF,,,ZS,ZG,6552 4822,
,,11,170,6,,BF,,,,,6552 4822,
,,11,175,6,5,AF,0,,,,6552 4822,
,,11,175,6,,AF,,,,,6552 4822,
,,11,144,6,,AF,,,,,6552 4822,
,,11,148,25,0,AF,6,,,,6552 4822,
,,11,139,18,,AF,,,,,6552 4822,
,B,13,160,19,2,AF,0,,,,6552 4822,
,,13,160,19,-2,AF,0,STRAIGHTDOWN,,,6552 4822,
,,13,152,6,,AF,,,,,6552 4822,
,,13,121,11,,AF,,,,,6552 4822,
,B,15,166,6,,AF,,,CD,MS,6552 4822,
,B/2,15,166,17,0,AF,4,,,,6552 4822,
,B,16,157,6,,AF,,,,,6552 4822,
,B,16,138,12,,BF,,,,,6552 4822,
,,16,132,12,,BF,,,,,6552 4822,
10/27/2024,F,10,169,21,0,AF,0,,ZS,CD,6552 4822,
,,10,147,25,-1,AF,0,,,,6552 4822,
,,10,151,6,,AF,,,,,6552 4822,
,,10,144,6,,AF,,,,,6552 4822,
,,10,119,12,,AF,,,,,6552 4822,
,,10,116,6,,AF,,,ZS,CD,6552 4822,
,,10,144,25,,AF,,,CD,ZS,6552 4822,
,,11,112,6,,AF,,,,,6552 4822,
,B,11,147,26,2,AF,2,,,,6552 4822,
,,11,122,31,4,AF,0,,,,6552 4822,
,B,12,162,6,,AF,,,ZS,CD,6552 4822,
,,12,141,6,,AF,,,,,6552 4822,
,,12,140,6,,AF,,,,,6552 4822,
,B,13,154,24,2,AF,1,,ZS,ZG,6552 4822,
,,14,140,19,,AF,,,,,6552 4822,
,,14,119,9,,AF,,,,,6552 4822,
,B,15,137,6,,AF,,,,,6552 4822,
,,15,134,6,,AF,,,,,6552 4822,
,B,16,156,30,-6,AF,1,FLOP,,,6552 4822,
,,16,172,6,,AF,,,,,6552 4822,
,,16,156,22,-3,AF,2,,,,6552 4822,
,,16,165,6,,AF,,,,,6552 4822,
,B,17,158,31,-4,BF,,,,,6552 4822,
,,17,150,21,,AF,,,,,6552 4822,
10/28/2024,F,15,154,6,,AF,,,ZS,CD,6552 4822,
,B,15,167,6,,AF,,,CD,ZS,6552 4822,
,,15,164,6,,AF,,,,,6552 4822,
,,16,165,15,2,AF,0,,,,6552 4822,
,,16,131,30,1,AF,2,,,,6552 4822,
,B,16,149,12,,AF,,,,,6552 4822,
,,16,146,6,,AF,,,,,6552 4822,
,,16,137,12,,AF,,,,,6552 4822,
,B,16,133,27,,BF,,,,,6552 4822,
11/2/2024,F,10,160,15,5,AF,1,,ZS,MAS,6552 4822,
,,10,144,22,2,AF,0,,,,6552 4822,
,,10,140,25,1,AF,0,,,,6552 4822,
,B,11,161,6,,AF,,,,,6552 4822,
,,11,144,6,,AF,,,,,6552 4822,
,,11,138,6,,AF,,,,,6552 4822,
,,11,161,6,,AF,,,,,6552 4822,
,,11,154,6,,AF,,,,,6552 4822,
,B,13,166,6,,BF,,,ZG,MAS,6552 4822,
,,13,159,6,,AF,,,,,6552 4822,
,,13,149,24,0,AF,1,,,,6552 4822,
,,13,137,9,,BF,,,,,6552 4822,
,,13,126,12,,AF,,,,,6552 4822,
,,13,100,9,,BF,,,,,6552 4822,
,,13,113,12,,AF,,,,,6552 4822,
,B,14,164,6,,AF,,,,,6552 4822,
,,14,149,6,,AF,,,,,6552 4822,
,,14,148,6,,AF,,,,,6552 4822,
,,15,145,6,,AF,,,,,6552 4822,
,,15,141,6,,AF,,,,,6552 4822,
,,15,115,12,,AF,,,,,6552 4822,
,B,15,148,6,,AF,,,MS,CD,6552 4822,
,,16,148,6,,AF,,,,,6552 4822,
,,16,147,26,-4,AF,1,,CD,MS,6552 4822,
,,16,134,9,,AF,,,,,6552 4822,
,B,16,133,30,2,AF,2,,,,6552 4822,
,,16,142,6,,AF,,,,,6552 4822,
11/3/2024,F,13,148,12,,BF,,,CD,ZG,6552 4822,
,,14,144,6,,AF,,,,,6552 4822,
,,14,130,32,-2,AF,1,SPINS,,,6552 4822,
,,14,119,18,,AF,,,CD,ZG,6552 4822,
,,14,148,6,,AF,,,,,6552 4822,
,,14,148,6,,AF,,,,,6552 4822,
,,14,135,6,,AF,,,,,6552 4822,
,B,15,152,24,0,AF,0,,,,6552 4822,
,,15,151,6,-2,AF,0,STRAIGHTDOWN,,,6552 4822,
,,15,147,6,,AF,,,,,6552 4822,
,,16,144,6,,AF,,,,,6552 4822,
5/3/2025,F,9,159,24,0,AF,0,STRAIGHTDOWN,ZG,ZS,6552 4822,0
,,9,159,15,3,AF,1,,,,6552 4822,
,,9,142,15,5,AF,1,,,,6552 4822,
,,9,132,24,3,AF,0,FALL,,,6552 4822,
,,9,152,12,,AF,,,,,6552 4822,
,,10,109,24,11,AF,1,,,,6552 4822,
,B,10,109,30,,AF,,,,,6552 4822,
,B,11,157,6,,AF,,,ZS,MAS,6552 4822,
,,11,147,14,,AF,,,,,6552 4822,
,,11,146,23,0,AF,,,,,6552 4822,
,,11,129,21,,AF,,,,,6552 4822,
,B,12,150,12,,AF,,,,,6552 4822,
,,12,130,24,2,AF,2,,ZS,MS,6552 4822,
,,12,144,12,,AF,,,,,6552 4822,
,,12,144,16,-2,AF,2,,,,6552 4822,
,B,13,146,27,-1,AF,3,,MS,ZG,6552 4822,
,,13,139,18,,AF,,,,,6552 4822,
,,13,138,27,1,AF,1,,,,6552 4822,
,,13,137,29,-1,AF,0,,,,6552 4822,
,,13,142,32,0,BF,1,,,,6552 4822,
,,13,164,6,,AF,,,,,6552 4822,
,,14,158,6,,AF,,,,,6552 4822,
,,14,159,6,,AF,,,,,6552 4822,
,,14,150,25,-5,AF,0,DEADMAN,,,6552 4822,
,B,15,151,25,,AF,,,ZS,ZG,6552 4822,
,,15,140,12,,AF,,,,,6552 4822,
,B,17,135,18,,AF,,,,,6552 4822,
,,17,117,18,,AF,,,,,6552 4822,
,,17,125,6,,AF,,,MS,ZG,6552 4822,
,B,18,158,6,,AF,,,,,6552 4822,
5/4/2025,F,12,161,21,1,AF,0,,TL,ZG,6552 4822,
,,12,159,20,-3,AF,1,,MS,ZG,6552 4822,
,,12,132,30,1,AF,0,,,,6552 4822,
,,12,125,12,,AF,,,,,6552 4822,
,,12,153,23,1,AF,4,,,,6552 4822,
,,12,153,24,,AF,0,,,,6552 4822,
,,12,140,12,,AF,,,,,6552 4822,
,,13,135,21,,BF,,,,,6552 4822,
,B,14,165,19,-3,AF,0,,,,6552 4822,
,,14,149,22,,BF,,FRONTFLIP,,,6552 4822,
,,14,156,21,-4,AF,0,,,,6552 4822,
,,14,168,6,,AF,,,,,6552 4822,
,,14,117,24,,AF,,,,,6552 4822,
,B,15,156,12,,AF,,,ZG,MAS,6552 4822,
,,15,141,12,,AF,,,,,6552 4822,
,,15,138,31,3,BF,0,,,,6552 4822,
,,15,137,15,,AF,,,,,6552 4822,
,,15,164,17,0,AF,1,,,,6552 4822,
,,15,135,21,,AF,,,ZG,CD,6552 4822,
,,16,108,12,,AF,,,ZG,CD,6552 4822,
,B,16,166,19,-1,AF,0,,CD,ZG,6552 4822,
,B/2,16,126,12,,AF,,,,,6552 4822,
,B,18,145,6,,AF,,,MS,CD,6552 4822,
,,18,131,15,,AF,,,,,6552 4822,
5/5/2025,F,15,148,12,,AF,,,MS,CD,6552 4822,
,,15,138,12,,AF,,,,,6552 4822,
,,15,123,24,,AF,,,,,6552 4822,
,B/2,17,113,6,,AF,,,,,6552 4822,
,B,18,156,22,0,AF,1,,,,6552 4822,
,,18,148,24,2,AF,0,,,,6552 4822,
,,18,145,28,-4,AF,0,SPINS,,,6552 4822,
,,18,146,27,-3,AF,,STRAIGHTDOWN,,,6552 4822,
,,18,136,30,-5,AF,0,,,,6552 4822,
,,18,104,6,,AF,,,,,6552 4822,
5/7/2025,F,9,132,35,0,AF,0,,JC,ZS,6552 4822,
,,9,125,32,3,AF,2,,,,6552 4822,
,,9,127,33,1,AF,2,,,,6552 4822,
,B,10,157,23,3,AF,2,,,,6552 4822,
,,10,153,18,,AF,,,,,6552 4822,
,B,11,158,21,0,AF,0,STRAIGHTDOWN,JC,ZG,6552 4822,
,,12,159,17,3,AF,0,,,,6552 4822,
,,12,149,9,,,,,,,6552 4822,
,,12,129,34,-4,AF,0,STRAIGHTDOWN,,,6552 4822,
,B,13,152,24,0,AF,0,SMALL FLOP,,,6552 4822,
,,13,147,24,-3,AF,0,STRAIGHTDOWN,,,6552 4822,
,,13,129,21,,BF,,,,,6552 4822,
,,13,115,24,,AF,,,,,6552 4822,
,,13,134,16,,AF,,,,,6552 4822,
,,13,129,33,-5,AF,0,,,,6552 4822,
,B,15,156,9,,,,,,,6552 4822,
,B,16,147,,,BF,,,,,6552 4822,
,,16,144,25,4,AF,1,,,,6552 4822,
,,16,114,18,,AF,,,,,6552 4822,
,B,17,167,19,-2,AF,0,,,,6552 4822,
,,17,165,16,-2,AF,0,,,,6552 4822,
5/8/2025,F,17,148,12,,AF,,,CD,MS,6552 4822,
,,17,122,12,,AF,,,,,6552 4822,
,B/2,17,113,6,,AF,,,,,6552 4822,
,B ,18,158,22,D0,AF,1,,,,6552 4822,
,,18,148,24,2,AF,0,,,,6552 4822,
,,18,145,28,-4,AB,0,STRAIGHTDOWN SPINS,,,6552 4822,
,,18,146,27,-3,AF,0,STRAIGHTDOWN,,,6552 4822,
,,18,136,30,-5,AF,0,STRAIGHTDOWN,,,6552 4822,
,,18,114,6,,AF,,,,,6552 4822,
5/9/2025,F,14,160,6,,BF,,,CD,MS,6552 4822,
,,14,157,22,0,AF,2,,,,6552 4822,
,,14,116,33,6,AF,0,,,,6552 4822,
,B,15,157,6,,BF,,,,,6552 4822,
,B,15,158,6,,BF,,,,,6552 4822,
,B,16,165,18,3,AF,2,,,,6552 4822,
,,16,149,24,3,AF,5,,,,6552 4822,
,,16,126,23,0,AF,0,PUSHDOWN SPINS,,,6552 4822,
,B,17,165,6,,AF,,,,,6552 4822,
,,17,163,10,-2,AF,0,,,,6552 4822,
,,18,131,24,,BF,,RUNNING ,,,6552 4822,
5/10/2025,F,11,138,33,-3,AF,1,CHARLIE,MS,MAS,6552 4822,
,B,12,154,6,,AF,,,,,6552 4822,
,,12,141,15,,AF,,,,,6552 4822,
,,12,114,27,,AF,,,,,6552 4822,
,B,13,151,26,1,AF,3,,,,6552 4822,
,,14,159,26,6,AF,0,,,,6552 4822,
,B,14,160,20,0,AF,0,,,,6552 4822,
,,14,149,15,,AF,,,MS,MAS,6552 4822,
,B/2,15,136,30,1,AF,0,,,,6552 4822,
,,15,135,32,-3,AF,0,,,,6552 4822,
,B,16,165,21,-4,AF,0,,MS,ZG,6552 4822,
,,16,123,21,,AF,,,,,6552 4822,
,,16,137,30,-2,AF,0,W2,,,6552 4822,
5/11/2025,F,11,159,22,5,AF,0,W3,ZG,MS,6552 4822,
,,11,151,21,2,AF,0,,,,6552 4822,
,,11,125,18,,BF,,,,,6552 4822,
,B,15,152,27,,AF,,,,,6552 4822,
,,15,136,12,,AF,,,,,6552 4822,
,B,16,152,27,,AF,,,,,6552 4822,
,B,18,158,22,2,AF,3,,,,6552 4822,
,,18,159,12,,AF,,,,,6552 4822,
,,18,159,21,-3,AF,0,,,,6552 4822,
,,18,155,21,-2,AF,0,,,,6552 4822,
,,18,156,12,,AF,,,ZS,ZG,6552 4822,
,,18,141,30,-5,AF,1,,,,6552 4822,
,,18,125,21,,AF,,,,,6552 4822,
5/12/2025,B,15,169,18,-1,AF,1,,CD,MAS,6552 4822,0
,,15,156,21,-1,AF,0,STRAIGHTDOWN,,,6552 4822,
,,15,144,25,-1,AF,1,,,,6552 4822,
,,15,144,26,1,AF,3,,,,6552 4822,
,,16,135,6,,AF,,,,,6552 4822,
,,16,134,30,3,AF,0,SPINS,,,6552 4822,
,,16,129,34,-3,AF,1,,,,6552 4822,
,,16,131,31,-2,AF,1,,TL,MS,6552 4822,
,B,17,166,19,1,AF,2,,CB,TL,6552 4822,
,,17,161,19,0,AF,0,,,,6552 4822,
,,17,141,27,1,AF,0,PUSHDOWN,CD,MAS,6552 4822,
,,17,163,19,-3,AF,1,,,,6552 4822,
5/15/2025,F,15,155,24,2,AF,3,,CD,MAS,6552 4822,
,,15,153,22,2,AF,4,,CD,MAS,6552 4822,
,,15,131,6,,AF,,,,,6552 4822,
,B,17,164,20,-1,AF,0,FLOP,,,6552 4822,
,,17,152,22,-1,AF,0,,,,6552 4822,
,,17,150,23,-1,AF,1,,,,6552 4822,
,,17,149,6,,AF,,,,,6552 4822,
,,17,142,27,-3,AF,0,,,,6552 4822,
5/16/2025,F,14,149,27,-5,AF,0,,ZG,MAS,6552 4822,
,,14,134,30,0,AF,0,FLOP,,,6552 4822,
,B,15,144,12,,BF,,,,,6552 4822,
,B,16,157,24,-4,AF,0,,,,6552 4822,
,,16,153,21,0,AF,1,,,,6552 4822,
,,16,152,20,3,AF,0,,,,6552 4822,
,,16,141,12,,AF,,,,,6552 4822,
,,17,160,20,-4,AF,0,,,,6552 4822,
,,17,156,20,0,AF,0,,,,6552 4822,
,,17,156,21,-3,AF,2,,,,6552 4822,
,,17,154,21,-3,AF,0,,,,6552 4822,
,B,18,138,33,,AF,,,,,6552 4822,
,B/2,19,131,33,3,AF,3,,,,6552 4822,
5/24/2025,B,12,126,6,1,AF,,,,,6552 4822,0
,,12,165,18,-5,AF,2,,,,6552 4822,
,,12,174,17,-3,BF,2,,,,6552 4822,
,B,12,150,6,,BF,,,,,6552 4822,
,,12,138,6,,BF,,,,,6552 4822,
,,12,119,6,,BF,,,,,6552 4822,
,B,13,161,19,-2,AF,2,,,,6552 4822,
,,13,147,6,,BF,,,,,6552 4822,
,,13,147,6,,AF,,,,,6552 4822,
,,13,133,6,,BF,,,,,6552 4822,
,,14,116,,,BF,,,ZG,MAS,6552 4822,
,B,15,162,6,,AF,,,,,6552 4822,
,,16,110,6,,BF,,,,,6552 4822,
,B,17,154,23,-6,AF,0,DEADMAN,,,6552 4822,
,,17,127,6,,AF,,,,,6552 4822,
,,17,126,6,,AF,,,,,6552 4822,
5/25/2025,F,10,162,18,-3,AF,0,,CD,ZS,6552 4822,
,,10,145,22,0,AF,0,,,,6552 4822,
,,10,136,21,,AF,,,,,6552 4822,
,,10,133,29,-2,AF,0,,,,6552 4822,
,,10,133,29,-3,AF,0,,,,6552 4822,
,B,11,157,6,,AF,,,,,6552 4822,
,B/2,11,165,14,2,AF,0,,,,6552 4822,
,B,13,169,16,2,AF,,,,,6552 4822,
,,13,163,16,-1,AF,,,,,6552 4822,
,,13,139,6,,BF,,,,,6552 4822,
,,13,143,24,0,AF,0,,,,6552 4822,
,,13,135,28,-2,AF,0,,,,6552 4822,
,B,14,167,18,-4,AF,0,,,,6552 4822,
,,14,165,15,-3,AF,0,W1,,,6552 4822,
,,14,152,19,-1,AF,1,PUSHDOWN,,,6552 4822,
,,14,121,6,,AF,,,,,6552 4822,
,,15,130,30,2,AF,0,W2,,,6552 4822,
,B,15,157,20,1,AF,0,W1,,,6552 4822,
,,15,150,21,0,AF,0,,,,6552 4822,
,,15,144,25,-4,AF,1,,,,6552 4822,
,B,16,137,29,6,AF,0,,,,6552 4822,
,B,17,167,16,1,AF,0,,,,6552 4822,
,,17,164,16,-2,AF,0,,,,6552 4822,
5/26/2025,F,15,155,6,A,AF,,,ZG,MAS,6552 4822,
,,15,135,27,2,AF,2,,,,6552 4822,
,,15,120,6,,AF,,,,,6552 4822,
,B,17,136,33,-2,AF,0,,,,6552 4822,
,,17,136,36,-6,AF,0,,,,6552 4822,
,,17,123,6,,AF,,,,,6552 4822,
5/27/2025,B,15,152,23,2,AF,0,,,,6552 4822,0
,,15,126,,,BF,,,,,6552 4822,
,B,15,150,22,,AF,,,,,6552 4822,
5/28/2025,F,14,148,27,1,AF,0,,,,6552 4822,
,B,15,147,29,0,AF,4,,,,6552 4822,
,,16,132,6,,AF,,,,,6552 4822,
,,16,127,,,AF,,,,,6552 4822,
,,16,130,35,0,BF,0,,,,6552 4822,
5/29/2025,F,15,140,24,,BF,,,TL,MAS,6552 4822,
,,15,133,24,,BF,,DEADMAN,,,6552 4822,
5/30/2025,F,15,133,24,,AF,,,ZG,MAS,6552 4822,
,,16,137,18,,AF,,,ZG,MAS,6552 4822,
,B,17,142,12,,BF,,,,,6552 4822,
5/31/2025,F,10,151,21,,BF,,,MS,ZS,6552 4822,
,,10,153,12,,AF,,,,,6552 4822,
,,10,126,36,-2,AF,1,,,,6552 4822,
,,10,129,36,-3,AF,0,,,,6552 4822,
,B,11,151,12,,AF,,,,,6552 4822,
,,11,141,12,,AF,,,,,6552 4822,
,,11,127,24,,AF,,,,,6552 4822,
,,11,125,24,,AF,,,,,6552 4822,
,B,13,144,12,,AF,,,,,6552 4822,
,,13,143,6,,AF,,,,,6552 4822,
,B,15,148,12,,AF,,,,,6552 4822,
,,15,165,6,,AF,,,,,6552 4822,
,,15,168,14,1,AF,,,,,6552 4822,
,,15,167,6,,AF,,,,,6552 4822,
,,15,155,6,,BF,,,,,6552 4822,
,,15,121,12,,BF,,,,,6552 4822,
,,15,113,15,,AF,,,,,6552 4822,
,B,16,147,29,-3,AF,0,,,,6552 4822,
,,16,136,12,,AF,,,,,6552 4822,
,B,17,168,17,0,AF,0,SPINS,,,6552 4822,
,,17,161,18,-2,AF,0,,,,6552 4822,
,,17,156,20,0,AF,0,,,,6552 4822,
,,17,142,27,1,,0,,,,6552 4822,
,,17,121,36,0,AF,0,,,,6552 4822,
,,18,151,21,1,AF,0,,,,6552 4822,
,,18,145,25,6,AF,0,,,,6552 4822,
,,18,144,25,-2,AF,0,,,,6552 4822,
,,18,144,25,-1,AF,0,SPINS,,,6552 4822,
,,18,141,26,0,AF,0,,,,6552 4822,
,,18,133,30,3,AF,0,W2 SPINS,,,6552 4822,
6/1/2025,F,11,154,12,,AF,,,ZG,MAS,6552 4822,
,,11,131,32,1,AF,0,SPINS,,,6552 4822,
,B/2,11,129,36,-3,AF,0,,,,6552 4822,
,,11,147,12,,BF,,,ZS,ZG,6552 4822,
,,12,161,20,-4,AF,3,,,,6552 4822,
,,12,146,24,,BF,,,,,6552 4822,
,B,12,140,12,,AF,,,,,6552 4822,
,B,14,147,27,1,AF,3,,,,6552 4822,
,B,14,140,6,,AF,,,,,6552 4822,
,,14,135,24,,BF,,,,,6552 4822,
,B,15,143,6,,AF,,,,,6552 4822,
,,15,147,27,,AF,,,,,6552 4822,
,B,16,150,12,,AF,,,,,6552 4822,
,,16,149,16,,AF,,,,,6552 4822,
,,16,134,24,,BF,,,,,6552 4822,
,B,17,143,24,,BF,,,,,6552 4822,
6/2/2025,F,16,141,30,-4,AF,1,,ZG,NBB,6552 4822,
,,16,138,12,,AF,,,,,6552 4822,
6/3/2025,F,15,140,29,-1,AF,1,,,,6552 4822,
,,15,134,28,1,AF,0,,,,6552 4822,
,,15,131,31,-1,AF,1,,,,6552 4822,
,B,16,116,24,,AF,,,,,6552 4822,
6/4/2025,F,12,140,24,,BF,,,ZG,TL,6552 4822,
,B,12,154,18,,AF,,,,,6552 4822,
,B,15,156,6,,BF,,,ZG,TL,6552 4822,
,,15,140,26,-1,AF,0,DEADMAN,ZG,JA,6552 4822,
,,15,135,12,,AF,,,,,6552 4822,
6/5/2025,F,16,154,9,,BF,,,TL,JA,6552 4822,0
,,16,127,36,1,BF,2,RUNNING,TL,JZ,6552 4822,
6/6/2025,F,14,124,15,,BF,,,ZG,JA,6552 4822,
,B,15,157,24,-2,AF,0,FLOP,ZG,JA,6552 4822,
,,15,157,21,-3,AF,1,,ZG,JA,6552 4822,
,,15,154,22,-2,AF,0,,ZG,JA,6552 4822,
,,15,156,22,,AF,,,ZG,JA,6552 4822,
,B,16,121,12,,AF,0,,,,6552 4822,
6/7/2025,F,10,123,6,,AF,,,ZG,MAS,6552 4822,
,B,11,167,17,-1,AF,0,DEADMAN,,,6552 4822,
,,11,156,6,,AF,,,,,6552 4822,
,,11,140,12,,AF,,,,,6552 4822,
,B,12,156,24,-5,AF,0,STRAIGHTDOWN,,,6552 4822,
,,12,146,25,-4,AF,0,,,,6552 4822,
,,12,143,12,,AF,,,,,6552 4822,
,,12,138,27,3,AF,0,FLOP SPINS,ZG,MAS,6552 4822,
,,13,138,12,,AF,,,,,6552 4822,
,,13,133,29,-3,AF,0,,,,6552 4822,
,B,14,161,20,0,AF,0,,MS,ZS,6552 4822,
,,14,152,23,-2,AF,0,,,,6552 4822,
,,14,146,25,0,AF,1,,,,6552 4822,
,,15,144,18,,AF,,,,,6552 4822,
,,15,126,32,-4,AF,0,STRAIGHTDOWN,RE,DE,6552 4822,
,,16,138,28,,AF,,,,,6552 4822,
,,16,121,21,,BF,,,,,6552 4822,
,B,17,162,23,,AF,,,,,6552 4822,
,,17,151,,,AF,,,,,6552 4822,
,B,17,159,26,-5,AF,0,,,,6552 4822,
,,17,152,,,AF,,,,,6552 4822,
,B/2,19,143,12,,AF,,,,,6552 4822,
,,19,121,30,4,AF,0,,,,6552 4822,
,B,19,142,36,-3,BF,,,MS,NB,6552 4822,
6/8/2025,F,11,174,17,2,AF,,,ZG,RD,6552 4822,
,,11,156,21,-5,AF,0,STRAIGHTDOWN,,,6552 4822,
,,11,131,25,5,AF,,STRAIGHTDOWN,,,6552 4822,
,B,11,134,25,,BF,,,,,6552 4822,
,,11,125,30,,AF,,,,,6552 4822,
,,11,127,12,,AF,,,,,6552 4822,
,,12,104,12,,BF,,,,,6552 4822,
,B,12,134,36,-2,BF,2,BACKFLIPS,,,6552 4822,
,,12,132,12,,BF,,,,,6552 4822,
,B,13,160,6,,BF,,,,,6552 4822,
,,13,141,,,BF,,,,,6552 4822,
,B/2,14,135,29,1,AF,1,BIGFLOP,,,6552 4822,
,,14,133,29,,AF,,,,,6552 4822,
,B,16,130,31,1,AF,0,,,,6552 4822,
,,16,121,36,0,AF,0,,,,6552 4822,
,,16,122,36,-3,AF,0,STRAIGHTDOWN,,,6552 4822,
,,16,128,34,-3,AF,0,,,,6552 4822,
,,16,140,28,-3,AF,0,,ZS,MS,6552 4822,
,,16,158,20,-4,AF,1,,,,6552 4822,
,B,18,154,21,,AF,,,,,6552 4822,
6/10/2025,F,15,136,21,-4,AF,0,,ZG,JA,6552 4822,
,,15,158,14,1,AF,0,FLOP,,,6552 4822,
,,15,130,12,,AF,,,,,6552 4822,
,,15,114,18,,BF,,,,,6552 4822,
,B,17,153,12,,AF,,,,,6552 4822,
,,17,122,136,-1,AF,0,,,,6552 4822,
6/11/2025,F,10,126,36,-1,BF,,BACKCAGE,JC,JA,6552 4822,
,,10,135,30,,BF,4,,,,6552 4822,
,B,11,138,24,,BF,,,TL,JA,6552 4822,
,,11,153,15,4,AF,,,,,6552 4822,
,,11,125,36,0,BF,,TOPCAGE,,,6552 4822,
,,11,135,24,,,,TOPCAGE,,,6552 4822,
,B,11,138,12,,BF,4,RUNNING,OAB,JA,6552 4822,
,,11,138,12,,BF,,,,,6552 4822,
,,11,150,12,,BF,,,,,6552 4822,
,,11,128,18,,BF,,,,,6552 4822,
,,11,134,18,,BF,,,,,6552 4822,
,B,15,128,36,,BF,3,TOPCAGE FLIPS,TL,JC,6552 4822,
,,15,139,27,,BF,4,BACKCAGE,,,6552 4822,
,B,15,139,30,3,BF,2,FLIPS,,,6552 4822,
,,15,131,24,,AF,0,DEADMAN,,,6552 4822,
6/12/2025,F,14,158,22,3,AF,0,W3,ZG,MAS,6552 4822,
,B,16,144,29,,AF,,,,,6552 4822,
6/13/2025,F,13,149,6,,AF,,,,,6552 4822,
,,13,148,23,0,AF,0,,,,6552 4822,
,B,16,150,24,-2,AF,0,,,,6552 4822,
,,16,144,22,1,AF,0,,,,6552 4822,
,,16,124,36,-3,AF,0,,,,6552 4822,
6/14/2025,F,9,147,27,1,AF,1,,ZG,MS,6552 4822,
,B,9,164,6,,AF,,,,,6552 4822,
,,9,162,6,,AF,,,,,6552 4822,
,,9,138,28,-3,AF,1,,,,6552 4822,
,,9,163,14,1,AF,1,,,,6552 4822,
,,9,150,22,-2,AF,0,,ZG,MS,6552 4822,
,B,12,165,16,1,AF,0,,,,6552 4822,
,,12,152,22,-3,AF,0,,,,6552 4822,
,,12,133,24,,AF,,,,,6552 4822,
,,12,127,33,-2,AF,1,,,,6552 4822,
,,12,125,24,,AF,,,,,6552 4822,
,B,13,160,21,0,AF,0,,TL,ZS,6552 4822,
,,13,153,21,-3,AF,0,,,,6552 4822,
,,13,150,23,-5,AF,0,,,,6552 4822,
,,13,142,24,2,AF,4,,,,6552 4822,
,,13,163,9,,AF,,,,,6552 4822,
,,13,160,19,-4,AF,2,,,,6552 4822,
,,14,133,24,,AF,,,,,6552 4822,
,,14,136,24,,AF,,,,,6552 4822,
,B,15,165,20,-3,AF,1,,ZG,MAS,6552 4822,
,,15,155,21,-4,AF,0,,,,6552 4822,
,,15,145,12,,AF,,,,,6552 4822,
,,16,145,23,-1,AF,0,,,,6552 4822,
,,16,136,28,-1,AF,0,,,,6552 4822,
,,16,129,21,-1,AF,0,,,,6552 4822,
,B,16,166,29,-4,AF,0,,,,6552 4822,
,,17,144,26,0,AF,0,,ZS,MAS,6552 4822,
,,17,143,25,0,AF,0,,,,6552 4822,
,,17,136,29,-3,AF,0,STRAIGHTDOWN,,,6552 4822,
,,17,121,36,-5,AF,0,,,,6552 4822,
,,17,168,6,,AF,,,,,6552 4822,
,,17,161,16,2,AF,0,,,,6552 4822,
,,17,152,21,1,AF,0,,,,6552 4822,
,,17,144,15,,AF,,,,,6552 4822,
,B,18,169,17,1,AF,2,,,,6552 4822,
,,18,154,21,,AF,,,,,6552 4822,
6/15/2025,F,9,151,26,-3,AF,0,,MS,ZG,6552 4822,
,B,11,167,19,-4,AF,0,STRAIGHTDOWN,,,6552 4822,
,,11,163,18,-5,AF,1,CHARLIE,,,6552 4822,
,,11,161,17,-3,AF,0,,,,6552 4822,
,,11,156,19,-1,AF,3,,,,6552 4822,
,,12,152,20,-1,AF,0,SMALL FLOP,,,6552 4822,
,,12,130,32,0,AF,2,FLOP,,,6552 4822,
,,12,171,6,6,AF,,,,,6552 4822,
,,12,158,6,,AF,,,,,6552 4822,
,,12,158,18,-1,AF,0,FLOP,,,6552 4822,
,B,13,152,24,0,AF,0,,ZS,MAS,6552 4822,
,,14,152,12,,AF,,,,,6552 4822,
,,14,145,12,,AF,,,,,6552 4822,
,,14,125,33,,AF,,,,,6552 4822,
,B,16,165,19,-1,AF,0,,,,6552 4822,
,,16,158,18,0,AF,0,,,,6552 4822,
,,16,144,12,,AF,,,,,6552 4822,
,,16,140,25,-1,AF,0,,,,6552 4822,
,,16,140,26,-1,AF,0,,,,6552 4822,
,B,17,159,17,,BF,,,,,6552 4822,
,,17,165,6,,AF,,,,,6552 4822,
,,17,164,16,,AF,,,,,6552 4822,
6/18/2025,F,11,168,6,,BF,,DEADMAN,ZG,MAS,6552 4822,
,,12,152,6,,BF,,FLIPS,,,6552 4822,
,,12,129,6,,BF,,DEADMAN,,,6552 4822,
,B,12,133,31,2,AF,1,,,,6552 4822,
,,12,151,28,,BF,,FLIPS,,,6552 4822,
,B,14,168,20,-2,AF,4,,,,6552 4822,
,,14,150,23,0,AF,0,,,,6552 4822,
,,14,146,12,,AF,,,ZG,MAS,6552 4822,
,B,16,158,25,-4,AF,0,,,,6552 4822,
,,17,138,27,,BF,,,,,6552 4822,
6/19/2025,F,16,151,28,-5,AF,0,,ZG,EB,6552 4822,
,,16,144,12,,AF,,,,,6552 4822,
,,16,135,12,,AF,,,,,6552 4822,
,,16,132,12,,AF,,,,,6552 4822,
,,16,135,12,,AF,,,,,6552 4822,
6/20/2025,B,12,154,6,,AF,,,ZG,ZS,6552 4822,1
,,12,131,12,,AF,,,,,6552 4822,
,B,12,158,6,,AF,,,,,6552 4822,
,,12,164,6,1,AF,,,,,6552 4822,
,,12,163,9,D0,AF,0,,,,6552 4822,
,,12,145,15,-1,AF,0,,,,6552 4822,
,,12,129,27,-4,AF,0,,,,6552 4822,
,,13,118,31,W0,AF,0,,,,6552 4822,
,B,13,164,19,-2,AF,0,,,,6552 4822,
,,14,159,10,3,AF,0,,MS,NG,6552 4822,
,,14,150,14,3,AF,0,,,,6552 4822,
,,14,162,11,1,AF,0,,,,6552 4822,
,,14,155,15,-2,AF,0,,,,6552 4822,
,,14,140,19,2,AF,0,,,,6552 4822,
,,14,125,25,3,AF,0,,,,6552 4822,
,B,15,156,19,-4,AF,0,,,,6552 4822,
,,16,149,21,-5,AF,1,,MS,MAS,6552 4822,
,,16,150,18,-1,AF,0,,,,6552 4822,
,,16,146,19,-3,AF,0,,,,6552 4822,
,,16,139,19,D0,AF,1,,,,6552 4822,
,B,16,144,6,,AF,,,,,6552 4822,
,,16,144,26,0,AF,0,FLOP,,,6552 4822,
,B,18,151,27,-3,AF,0,,,,6552 4822,
,,18,150,23,-4,AF,,,,,6552 4822,
,,18,146,25,-1,AF,1,,,,6552 4822,
,,18,149,12,,BF,,,,,6552 4822,
,,18,101,12,,BF,,,,,6552 4822,
,B,19,145,6,,AF,,,,,6552 4822,
,,19,151,6,,AF,,,,,6552 4822,
6/21/2025,B,17,152,25,-5,F,0,,ZS,MAS,6552 4822,
,,17,146,23,-2,AF,0,,,,6552 4822,
,,17,139,12,,BF,,,,,6552 4822,
,,17,140,25,-2,AF,0,,,,6552 4822,
,B,18,156,22,-4,AF,3,,,,6552 4822,
,,18,125,18,,AF,,,,,6552 4822,
,,18,127,30,,,,,,,6552 4822,
6/22/2025,F,11,167,18,-2,AF,0,,,,6552 4822,
,,11,134,12,,BF,,,,,6552 4822,
,,11,134,27,1,AF,0,,,,6552 4822,
,,11,134,28,-2,AF,1,,,,6552 4822,
,B,12,172,18,-4,AF,2,,,,6552 4822,
,,12,165,6,,AF,2,,,,6552 4822,
,B,13,176,15,-4,AF,1,,,,6552 4822,
,,13,158,6,,AF,,,,,6552 4822,
,,13,158,6,,AF,,,,,6552 4822,
,,13,148,6,,AF,,,,,6552 4822,
,,13,146,12,,AF,,,,,6552 4822,
,,13,126,30,1,AF,0,FLOP,,,6552 4822,
,,13,163,6,,AF,,,,,6552 4822,
,,13,138,27,,AF,,,,,6552 4822,
,,13,132,12,,AF,0,,,,6552 4822,
,B,13,148,28,-4,AF,0,STRAIGHTDOWN,,,6552 4822,
,,13,128,12,,AF,,,,,6552 4822,
,,13,124,12,,AF,,,,,6552 4822,
,,13,122,12,4,AF,0,,,,6552 4822,
,B,14,157,25,-5,AF,3,,ZS,NBB,6552 4822,
,,14,156,21,-4,AF,3,,,,6552 4822,
,,14,150,22,-3,AF,1,,,,6552 4822,
,,14,146,6,,AF,,,,,6552 4822,
,,14,143,22,,AF,,,,,6552 4822,
,,14,141,25,-6,AF,1,,,,6552 4822,
,B,15,163,22,-5,AF,2,,ZS,NBB,6552 4822,
,,15,156,15,,AF,,,,,6552 4822,
,,15,156,15,3,AF,0,,,,6552 4822,
,,15,152,12,,AF,,,ZS,MAS,6552 4822,
,,15,149,12,,AF,,,,,6552 4822,
,,15,148,23,,AF,,,,,6552 4822,
,,15,121,12,,BF,,,,,6552 4822,
,,15,144,12,,AF,,,,,6552 4822,
,,15,137,12,,AF,,,,,6552 4822,
,,15,121,32,2,AF,2,,,,6552 4822,
,,15,137,2,,AF,0,FLOP,,,6552 4822,
,B,15,138,24,,AF,,,ZG,MAS,6552 4822,
6/23/2025,F,16,144,29,-2,AF,1,,,,6552 4822,
,,16,126,32,0,AF,0,FLOP,,,6552 4822,
,B,17,167,17,-2,AF,1,,ZG,NBB,6552 4822,
,,17,153,22,-3,AF,1,,,,6552 4822,
,,17,150,23,-2,AF,0,,,,6552 4822,
,,17,147,12,,AF,0,,,,6552 4822,
,B,18,134,29,,AF,,,,,6552 4822,
6/24/2025,F,14,144,12,,BF,,,ZG,EB,6552 4822,
,,14,145,12,,BF,,,,,6552 4822,
,,14,141,12,,AF,,,,,6552 4822,
,,14,153,22,-3,AF,1,,,,6552 4822,
,,14,129,32,0,AF,1,,,,6552 4822,
,B,15,156,24,-5,AF,0,STRAIGHTDOWN,ZG,EB,6552 4822,
,,15,145,24,-1,AF,0,,,,6552 4822,
,B,16,140,29,-4,AF,0,,,,6552 4822,
,,16,150,22,-1,AF,0,SPINS FLOP,ZG,NBB,6552 4822,
,,16,142,15,4,AF,2,FLOP,ZG,NBB,6552 4822,
,,16,120,36,2,AF,0,STRAIGHTDOWN,,,6552 4822,
,B,17,146,12,,BF,0,,,,6552 4822,
6/25/2025,F,14,148,24,,AF,,,ZG,MAS,6552 4822,
,,14,118,36,,BF,,,,,6552 4822,
,B,17,150,12,,BF,,,MAS,ZG,6552 4822,
,B,15,160,23,B,1,,,,,6552 4822,
,,15,141,25,0,AF,0,,,,6552 4822,
,B,16,148,12,,AF,,,,,6552 4822,
,B,17,161,18,0,AF,0,FLOP,ZG,MAS,6552 4822,
,,17,156,18,2,AF,2,,,,6552 4822,
,,17,141,26,-2,AF,0,,,,6552 4822,
,,17,145,25,-3,AF,1,,,,6552 4822,
,,17,143,25,0,AF,0,FLOP,,,6552 4822,
,,17,137,28,,AF,,,,,6552 4822,
,B,17,144,28,-4,AF,1,,,,6552 4822,
6/26/2025,F,14,125,12,,BF,,,MA,TL,6552 4822,
,B,15,162,19,-1,AF,0,,TL,EB,6552 4822,
,,15,142,12,,AF,,,,,6552 4822,
,,15,135,29,-2,AF,,DEADMAN,TL,EB,6552 4822,
,,16,127,15,,AF,,DEADMAN,,,6552 4822,
,,16,121,36,-4,AF,0,,,,6552 4822,
,B,17,177,6,5,AF,0,,,,6552 4822,
,,17,168,9,,BF,,,,,6552 4822,
,,17,159,16,2,AF,1,,,,6552 4822,
,,17,150,20,3,AF,3,,,,6552 4822,
,,17,123,36,-5,AF,0,,,,6552 4822,
,,17,175,11,0,AF,0,,,,6552 4822,
,,17,160,14,1,AF,0,,,,6552 4822,
,,17,148,24,-1,AF,0,,,,6552 4822,
6/27/2025,F,14,151,6,,AF,,,ZG,RD,6552 4822,
,,14,119,12,,AF,,,,,6552 4822,
,B,15,158,6,,BF,0,WET CORD,,,6552 4822,
,,15,159,15,1,AF,0,WET CORD,,,6552 4822,
,,16,144,6,,AF,0,WET CORD,,,6552 4822,
,,16,139,6,7,AF,0,WET CORD,,,6552 4822,
,,16,132,28,-1,AF,0,WET CORD,,,6552 4822,
6/28/2025,F,9,168,16,-3,AF,0,STRAIGHTDOWN,ZG,MAS,6552 4822,
,,9,133,29,-2,AF,0,,,,6552 4822,
,,9,132,6,,BF,,,ZG,MAS,6552 4822,
,,9,125,12,,BF,,,,,6552 4822,
,B,11,153,22,-5,AF,0,,,,6552 4822,
,,11,119,36,-3,AF,0,FLOP,,,6552 4822,
,B,12,124,6,,AF,0,,,,6552 4822,
,,12,122,35,-3,AF,0,,,,6552 4822,
,,12,163,13,1,AF,1,CHARLIE SPINS,,,6552 4822,
,,12,156,16,-3,AF,0,,,,6552 4822,
,,12,154,16,2,AF,0,,,,6552 4822,
,,12,146,12,,BF,,,,,6552 4822,
,,13,130,33,-5,AF,1,,,,6552 4822,
,,13,125,36,-2,BF,0,,,,6552 4822,
,,13,121,12,,AF,,,,,6552 4822,
,B,14,170,13,1,AF,3,,TL,,6552 4822,
,,14,160,15,-2,AF,0,,,,6552 4822,
,,14,154,6,,AF,,,,,6552 4822,
,,14,153,19,-2,AF,0,,,,6552 4822,
,,14,141,24,-3,AF,0,,,,6552 4822,
,,14,140,24,-3,AF,0,,TL,MS,6552 4822,
,,14,139,23,2,AF,0,DEADMAN,,,6552 4822,
,,14,131,27,,AF,,DEADMAN,,,6552 4822,
,,14,122,35,-5,AF,1,,,,6552 4822,
,B,15,153,12,,AF,,,,,6552 4822,
,,15,137,25,-1,AF,0,,,,6552 4822,
,,15,129,32,-4,AF,1,,,,6552 4822,
,,15,127,32,-3,AF,1,,,,6552 4822,
,,15,125,34,-3,AF,1,,,,6552 4822,
,B,16,164,16,-1,AF,0,,,,6552 4822,
,,16,158,16,2,AF,1,,,,6552 4822,
,,16,155,19,-3,AF,1,,,,6552 4822,
,,16,128,32,-5,AF,2,,,,6552 4822,
,,17,171,9,3,AF,0,,,,6552 4822,
,,17,155,17,2,AF,0,,,,6552 4822,
,,17,149,21,0,AF,2,,,,6552 4822,
,,17,145,24,-1,AF,0,,,,6552 4822,
,B,12,153,21,2,AF,5,,,,6552 4822,
,B,19,169,14,-1,AF,0,,,,6552 4822,
,,19,165,12,2,AF,0,,TL,MS,6552 4822,
,,19,163,14,-1,AF,1,,,,6552 4822,
,,19,129,18,,AF,,,,,6552 4822,
6/29/2025,B,10,135,6,,AF,0,DEADMAN,ZG,RD,6552 4822,
,,10,152,6,,AF,0,,,,6552 4822,
,,10,165,6,3,AF,0,,,,6552 4822,
,,10,164,6,,AF,0,,,,6552 4822,
,,11,144,6,,AF,,,,,6552 4822,
,,11,141,25,-5,AF,0,,,,6552 4822,
,,11,141,21,1,AF,1,SMALL FLOP,,,6552 4822,
,,11,136,24,1,AF,0,,,,6552 4822,
,B,12,147,23,0,AF,2,,,,6552 4822,
,B,13,138,12,,AF,,,ZG,MAS,6552 4822,
,,13,136,25,0,AF,0,,,,6552 4822,
,,13,135,12,,AF,,,,,6552 4822,
,B,14,148,6,,AF,,,,,6552 4822,
,B,15,161,20,-4,AF,0,,,,6552 4822,
,,15,134,26,-1,AF,0,,,,6552 4822,
,,15,165,15,-3,AF,0,,ZG,",AS",6552 4822,
,,15,152,18,-1,AF,0,,MS,NB,6552 4822,
,,15,149,6,,AF,0,,,,6552 4822,
,,15,146,6,,AF,,,,,6552 4822,
,,15,143,21,1,AF,0,,,,6552 4822,
,,16,135,26,0,AF,1,,,,6552 4822,
,,16,160,18,-3,AF,1,,,,6552 4822,
,B,17,168,21,-1,BF,1,,MS,NB,6552 4822,
,,17,158,17,-3,AF,0,,,,6552 4822,
,,17,138,6,,BF,,,,,6552 4822,
,B,19,156,21,2,AF,3,,,,6552 4822,
,,19,125,31,-1,AF,0,,,,6552 4822,
6/30/2025,F,13,364,25,-3,BF,0,,ZG,EB,6552 4822,
,,13,116,36,4,BF,0,,,,6552 4822,
,,13,119,33,3,AF,0,,,,6552 4822,
,B,13,132,31,,AF,,,,,6552 4822,
,B,16,158,19,0,AF,1,,ZG,EB,6552 4822,
,,16,154,6,,AF,,,,,6552 4822,
,,16,146,21,1,AF,2,,,,6552 4822,
,B,17,160,6,,BF,,,ZG,JA,6552 4822,
,,17,146,22,0,AF,1,,,,6552 4822,
,,17,146,23,,AF,,,,,6552 4822,
,B,19,146,27,-3,AF,0,,ZG,EB,6552 4822,
,,19,137,26,,AF,,,,,6552 4822,
7/1/2025,B,12,163,6,,AF,,,ZG,VBB,6552 4822,4
,,12,156,17,D0,AF,1,,,,6552 4822,
,,12,150,6,,AF,,,,,6552 4822,
,,12,144,23,D0,AF,0,SPIN,,,6552 4822,
,,12,137,27,W0,AF,1,,,,6552 4822,
,B,12,170,14,D0,AF,0,,,,6552 4822,
,,13,154,18,-1,AF,0,,,,6552 4822,
,,13,154,19,-2,AF,0,,,,6552 4822,
,,13,142,23,2,AF,0,,,,6552 4822,
,B,14,148,24,1,AF,0,,,,6552 4822,
,B,14,142,24,D0,AF,0,,,,6552 4822,
,,14,136,28,-3,AF,0,CLIFFHANGER,,,6552 4822,
,,14,135,12,,AF,,,,,6552 4822,
,,14,133,12,,AF,,,,,6552 4822,
,,14,149,21,-1,AF,1,,,,6552 4822,
,,14,144,23,D0,AF,0,,,,6552 4822,
,,14,143,23,-4,AF,0,,,,6552 4822,
,B,16,156,20,-2,AF,1,,ZG,NBB,6552 4822,
,,16,135,12,,AF,,,,,6552 4822,
,B,17,163,18,-2,AF,0,,,,6552 4822,
7/2/2025,F,10,158,15,D0,AF,0,,,,6552 4822,
,,10,155,17,D0,AF,0,,,,6552 4822,
,,10,153,19,-3,AF,0,,,,6552 4822,
,,10,164,15,-2,AF,0,,,,6552 4822,
,,10,162,10,3,AF,3,,,,6552 4822,
,,10,150,19,2,AF,2,,,,6552 4822,
,,10,181,,,AB,,,,,6552 4822,
,,10,181,8,-1,AF,0,,,,6552 4822,
,,10,170,6,,AF,,,,,6552 4822,
,B,12,156,19,2,AF,0,,,,6552 4822,
,,12,154,17,-1,AF,0,,,,6552 4822,
,,12,141,20,,AF,0,,,,6552 4822,
,,12,137,28,W0,AF,2,,,,6552 4822,
,,12,165,15,-3,AF,0,,,,6552 4822,
,,12,159,18,-5,AF,0,,,,6552 4822,
,,12,158,17,-3,AF,0,,,,6552 4822,
,,13,155,6,,AF,0,,,,6552 4822,
,,13,154,17,2,AF,3,,,,6552 4822,
,,13,150,20,W0,AF,1,,,,6552 4822,
,,13,126,32,D0,AB,1,,,,6552 4822,
,B,16,156,,,AF,,,ZG,NBB,6552 4822,
,,16,115,,,AF,,,,,6552 4822,
,,17,158,17,-3,AF,1,,,,6552 4822,
,,17,150,18,-2,AF,1,,,,6552 4822,
,,17,119,34,2,AF,1,,,,6552 4822,
,,17,161,15,D0,AF,2,,,,6552 4822,
,,17,160,16,-2,AF,3,,,,6552 4822,
7/3/2025,F,13,176,13,D0,AF,1,,MAS,TL,6552 4822,
,,13,151,19,2,AF,2,,,,6552 4822,
,,13,140,24,4,AF,2,,,,6552 4822,
,,14,125,33,D0,AF,2,SPINS,,,6552 4822,
,,14,178,15,-2,BF,1,,,,6552 4822,
,,14,118,24,,AF,,,,,6552 4822,
,B,14,186,6,2,AF,0,,,,6552 4822,
,,14,171,11,-1,AF,0,,,,6552 4822,
,,14,156,16,D0,AF,1,,,,6552 4822,
,,14,147,12,,AF,,,,,6552 4822,
,,14,133,12,,AF,,,,,6552 4822,
,DNJ,14,128,33,,AF,,,,,6552 4822,
,,,167,9,,AF,,,,,6552 4822,
,,16,175,,6,BF,,,,,6552 4822,
,,16,173,11,D0,AF,1,,MAS,TL,6552 4822,
,,16,166,15,-3,AF,0,,,,6552 4822,
,,17,148,18,,BF,,,,,6552 4822,
7/4/2025,F,,157,21,2,AF,0,BIGFLOP,,,6552 4822,5
,,13,136,18,,BF,,,,,6552 4822,
,,13,134,29,-1,AF,0,,,,6552 4822,
,,13,138,12,,AF,,,,,6552 4822,
,,13,126,12,,AF,,,,,6552 4822,
,B,15,155,6,,AF,,,ZG,EB,6552 4822,
,,15,149,18,4,AF,1,FLOP,,,6552 4822,
,,15,144,12,,AF,,,,,6552 4822,
,B,16,133,33,-5,AF,0,,,,6552 4822,
,,16,154,6,,AF,,,,,6552 4822,
,,16,149,6,,AF,,,,,6552 4822,
,,16,148,21,1,AF,0,FLOP SPINS,,,6552 4822,
,,16,148,24,D0,AF,0,,,,6552 4822,
,B,17,144,28,-8,AF,,,,,6552 4822,
,,17,162,15,-1,AF,1,,,,6552 4822,
,,17,158,13,1,AF,0,,,,6552 4822,
,,,151,16,3,,0,,,,6552 4822,
,B,,137,6,,AF,,,ZG,JA,6552 4822,
7/5/2025,F,10,156,6,,BF,,,ZS,ZG,6552 4822,
,B,14,164,17,W0,AF,1,,,,6552 4822,
,,14,157,17,-4,AF,0,,,,6552 4822,
,B,15,152,6,,AF,,,,,6552 4822,
,B,15,162,19,-5,AF,0,,,,6552 4822,
,,15,153,16,2,AF,2,,,,6552 4822,
,,15,150,18,D0,AF,1,,,,6552 4822,
,,15,165,16,-3,AF,1,,,,6552 4822,
,,15,165,16,-4,AF,0,,,,6552 4822,
,,15,164,15,-2,AF,0,,,,6552 4822,
,,16,139,12,,BF,,,MAS,NBB,6552 4822,
,,16,140,22,3,AF,0,,,,6552 4822,
,,16,127,36,-5,AF,0,,,,6552 4822,
,B,17,164,16,-5,AF,0,DEADMAN,MS,NBB,6552 4822,
,,18,165,14,D0,AF,1,,,,6552 4822,
,,18,160,19,-5,AF,0,DEADMAN,,,6552 4822,
,,18,160,16,D0,AF,0,,,,6552 4822,
,,18,142,,,,,,,,6552 4822,
,,18,142,12,2,AF,1,,,,6552 4822,
,,18,137,12,,AF,,,,,6552 4822,
,,18,132,32,-6,AF,0,,,,6552 4822,
,,18,130,27,,BF,,,,,6552 4822,
7/6/2025,F,10,151,15,5,AF,0,,MS,RD,6552 4822,
,,10,139,29,-6,AF,0,,,,6552 4822,
,,10,141,24,-2,AF,0,,,,6552 4822,
,B,12,155,21,W0,AF,,,,,6552 4822,
,,13,144,6,,AF,,,,,6552 4822,
,,13,126,12,,AF,,,,,6552 4822,
,B,14,156,22,1,AF,1,SPINS,ZG,MAS,6552 4822,
,,14,131,29,D0,AF,1,,,,6552 4822,
,,14,123,18,,AF,,,,,6552 4822,
,,14,130,18,,AF,,,,,6552 4822,
,,14,134,30,-3,AF,0,,,,6552 4822,
,,14,122,12,,AF,,,,,6552 4822,
,B,16,162,15,1,AF,0,,,,6552 4822,
,,16,128,31,D0,AB,1,FLOP,,,6552 4822,
,DNJ,16,133,29,,AF,,,,,6552 4822,
,B/2,16,165,14,1,AF,1,,,,6552 4822,
,,16,157,18,D0,AF,1,,,,6552 4822,
,,17,152,21,-3,AF,0,,,,6552 4822,
,,17,160,24,-3,BF,0,,,,6552 4822,
,,17,122,36,3,BB,2,FLIPS,,,6552 4822,
,,17,168,12,W0,AF,0,,ZG,MAS,6552 4822,
,,17,161,16,-1,AF,2,,,,6552 4822,
,,17,160,16,-3,AB,0,,,,6552 4822,
,,17,154,18,-3,AF,0,,,,6552 4822,
,,17,136,29,-5,AF,0,,,,6552 4822,
,,17,132,28,W0,AF,0,,ZG,EB,6552 4822,
,,17,122,12,,BF,,,,,6552 4822,
,B,18,167,16,,AF,,,,,6552 4822,
,B,18,163,16,-1,AF,0,,,,6552 4822,
,,18,159,8,,AF,,,,,6552 4822,
,B,18,155,18,1,AF,1,,,,6552 4822,
,,18,152,19,W0,AF,0,,,,6552 4822,
,,18,140,24,-2,AF,0,,,,6552 4822,
,,18,136,25,D0,AF,0,,,,6552 4822,
,,19,132,27,1,AF,0,,,,6552 4822,
,,19,120,12,,AF,,,,,6552 4822,
7/7/2025,F,14,173,19,,AF,,,MAS,ZG,6552 4822,
,,14,142,6,-3,AF,0,,,,6552 4822,
,,15,160,16,-4,AF,0,,,,6552 4822,
,,15,152,16,,AF,,,,,6552 4822,
,,15,138,13,,BF,,,,,6552 4822,
,,15,163,16,-2,AF,1,,,,6552 4822,
,,,163,18,-3,AB,0,,,,6552 4822,
,,,153,18,-2,AB,0,,,,6552 4822,
,,15,159,,-1,AF,0,,,,6552 4822,
,,16,145,,,AF,,,,,6552 4822,
7/8/2025,F,14,154,20,1,AF,0,,,,6552 4822,
,,14,151,6,,AF,2,,ZG,JA,6552 4822,
,,14,146,19,1,AF,1,,,,6552 4822,
,,,141,12,,AF,,,,,6552 4822,
,,,121,,,AF,,,,,6552 4822,
,B,14,116,18,,AF,,,,,6552 4822,
,B,16,166,16,-4,AF,0,,ZG,NBB,6552 4822,
,,17,161,14,2,AF,3,,,,6552 4822,
,,17,159,14,W0,AF,0,,,,6552 4822,
,,17,130,12,,AF,,,,,6552 4822,
,B,17,147,22,D0,AF,1,,,,6552 4822,
,,17,134,25,W0,AF,0,,,,6552 4822,
,,18,128,28,1,AF,0,,,,6552 4822,
,,18,131,28,-3,AF,0,,,,6552 4822,
7/9/2025,F,14,148,22,3,AF,3,,TL,MAS,6552 4822,
,B,15,180,9,W0,AF,0,,,,6552 4822,
,,15,165,13,1,AF,2,FLOP,,,6552 4822,
,,15,163,6,,AF,,,,,6552 4822,
,,15,129,19,2,AF,0,,,,6552 4822,
,B,15,176,12,-4,AF,1,,,,6552 4822,
,,15,175,6,4,BF,0,,,,6552 4822,
,B,16,127,34,1,AF,0,,TL,MAS,6552 4822,
,,16,147,6,,BF,,,,,6552 4822,
,,16,125,36,1,BB,1,BACKFLIPS,,,6552 4822,
,B,17,127,36,-1,AF,0,,,,6552 4822,
7/10/2025,F,14,154,23,-4,AF,,,MAS,ZAG,6552 4822,
,,14,148,21,-3,AF,0,,,,6552 4822,
,,14,141,23,-2,AF,0,,,,6552 4822,
,,14,137,12,,AF,,,,,6552 4822,
,,14,128,29,,AF,,,,,6552 4822,
,,14,117,,,BF,,,,,6552 4822,
,B,15,142,25,D0,AF,0,FLOP,,,6552 4822,
,B,,140,26,1,AB,2,,ZG,RD,6552 4822,
,B,,140,27,1,AF,3,,,,6552 4822,
7/11/2025,F,14,162,17,-3,AF,0,,ZG,MAS,6552 4822,19
,,14,162,6,,AF,,,,,6552 4822,
,,14,156,17,W0,AF,0,,,,6552 4822,
,,14,144,22,-1,AF,0,,,,6552 4822,
,,,141,24,-2,AF,0,,,,6552 4822,
,B,15,158,20,-4,AF,1,,,,6552 4822,
,,15,151,16,D0,AF,2,,,,6552 4822,
,B,15,127,36,-5,AF,0,,ZG,MAS,6552 4822,
,,15,159,17,-1,AF,1,,,,6552 4822,
,,16,150,19,1,AF,1,,,,6552 4822,
,B,16,128,12,,AF,,,,,6552 4822,
,B,16,164,17,-3,AF,0,,,,6552 4822,
7/12/2025,F,9,150,,,,,,JC,RD,6552 4822,
,,9,138,6,,AF,,,,,6552 4822,
,,9,158,17,2,AF,0,,,,6552 4822,
,,9,138,15,,AF,,,,,6552 4822,
,B,10,142,12,,AF,,,,,6552 4822,
,,10,124,36,2,BF,0,,,,6552 4822,
,,,170,5,4,AF,0,,,,6552 4822,
,,,162,12,,BF,,,,,6552 4822,
,,,160,17,-4,AF,0,,,,6552 4822,
,,,159,16,D0,AF,0,,,,6552 4822,
,,,152,19,D0,AF,2,,,,6552 4822,
,B,,150,12,,BF,,,,,6552 4822,
,,,163,12,,BF,,,MS,JC,6552 4822,
,,12,136,21,3,AF,1,,,,6552 4822,
,,12,125,32,W0,AF,0,,,,6552 4822,
,,12,124,34,-3,AF,0,,MS,JC,6552 4822,
,,12,123,33,,AF,,,,,6552 4822,
,,12,114,36,1,AF,2,,,,6552 4822,
,B,12,150,30,-5,BB,,DEADMAN,,,6552 4822,
,,12,162,18,-4,AF,3,,,,6552 4822,
,,13,161,17,-1,AF,2,FLOP,,,6552 4822,
,,13,150,12,,AF,,,,,6552 4822,
,,13,137,25,-2,AF,1,,,,6552 4822,
,,13,134,26,W0,AF,1,,,,6552 4822,
,,13,116,24,,AF,,FALL,,,6552 4822,
,B,14,157,26,-3,BF,0,FALL,,,6552 4822,
,,14,153,20,-3,AF,0,FALL,,,6552 4822,
,,14,134,25,1,AF,0,,,,6552 4822,
,,14,133,26,D0,AF,0,,MS,MAS,6552 4822,
,B,15,130,33,-2,AF,0,,,,6552 4822,
,,15,166,15,-2,AF,0,,,,6552 4822,
,,15,150,21,-3,AF,0,,,,6552 4822,
,,15,176,27,-2,AF,0,,,,6552 4822,
,,15,117,18,,AF,,,,,6552 4822,
,,15,125,,,BF,,,,,6552 4822,
,B,16,176,12,-2,AF,0,,MS,MAS,6552 4822,
,,16,169,16,-5,AB,0,,,,6552 4822,
,B,16,161,17,-4,AF,2,,,,6552 4822,
,,16,162,12,D0,AF,0,,,,6552 4822,
,,16,161,6,,AF,,,,,6552 4822,
,,17,160,15,-3,AF,0,,,,6552 4822,
,,17,147,19,-2,AF,0,,,,6552 4822,
,,17,127,33,-2,AF,0,,,,6552 4822,
,B,18,139,18,,AF,,,,,6552 4822,
,,18,121,36,D0,AF,3,,,,6552 4822,
7/13/2025,F,10,165,17,D0,AF,0,,,,6552 4822,
,,10,150,6,,AF,,,MAS,NB,6552 4822,
,,10,144,20,D0,AF,0,,,,6552 4822,
,,10,137,32,-5,AF,0,,,,6552 4822,
,,10,131,18,4,AF,0,,,,6552 4822,
,,11,125,35,-4,AF,0,,,,6552 4822,
,,11,131,31,-3,AF,0,,,,6552 4822,
,,11,138,29,-4,AF,1,,,,6552 4822,
,B,13,158,15,1,AF,0,,,,6552 4822,
,,13,144,28,-5,BF,0,,,,6552 4822,
,B,16,168,5,6,AF,0,,ZG,MAS,6552 4822,
,,16,163,8,3,AF,1,,,,6552 4822,
,,16,158,8,5,AF,1,,,,6552 4822,
,,16,141,12,7,AF,2,CHARLIE,,,6552 4822,
,,16,126,22,6,AF,1,,,,6552 4822,
,,16,147,15,3,AF,0,,,,6552 4822,
,,16,140,19,1,AF,0,,,,6552 4822,
,,16,152,19,1,AF,1,FLOP,ZG,EB,6552 4822,
,,18,146,29,-5,BF,0,,,,6552 4822,
7/14/2025,F,14,159,6,,BF,,,,,6552 4822,44
,,14,157,16,-2,AF,0,SMALLFLOP,,,6552 4822,
,,14,156,6,,AF,,,,,6552 4822,
,,14,151,6,,AF,0,,,,6552 4822,
,,14,147,19,1,AB,0,,,,6552 4822,
,,14,141,27,1,BF,0,,,,6552 4822,
,,14,144,6,,AF,,,,,6552 4822,
,,15,133,30,-6,AF,0,,,,6552 4822,
,,15,126,12,,AF,0,,,,6552 4822,
,B,15,128,31,-2,AF,0,,,,6552 4822,
,,15,120,34,-1,AF,0,,,,6552 4822,
,B,,156,19,-2,AF,0,,ZG,EB,6552 4822,
,,16,154,17,3,AF,3,,,,6552 4822,
,,16,152,18,W0,AF,0,,,,6552 4822,
,,17,134,12,,AF,,,,,6552 4822,
,B,17,129,29,4,AF,0,,,,6552 4822,
,B,18,128,29,,AF,,,,,6552 4822,
,,18,136,12,,BF,,,,,6552 4822,
,B,18,130,12,,BF,,GAINER,ZG,EB,6552 4822,
7/15/2025,F,14,115,18,,BF,,,,,6552 4822,
,,15,137,12,,AF,,,,,6552 4822,
,,15,136,26,1,AF,2,BIGFLOP,,,6552 4822,
,,15,116,34,1,AF,0,FLOP,,,6552 4822,
,B,15,150,19,2,AF,2,FLOP,,,6552 4822,
,,15,148,19,W0,AF,1,,,,6552 4822,
,,,119,34,-2,AF,0,,,,6552 4822,
,,,121,33,D0,AF,0,FLOP SPINS,,,6552 4822,
,B,,140,6,,AF,,,,,6552 4822,
,B,,157,18,-1,AF,0,,,,6552 4822,
,,,124,32,-2,,0,,,,6552 4822,
,,,119,34,W0,AF,0,,,,6552 4822,
7/16/2025,F,14,151,20,4,AF,2,,TL,EB,6552 4822,
,,14,149,20,3,AF,3,,TL,EB,6552 4822,
,,14,128,28,2,AF,0,,,,6552 4822,
,B,15,157,6,,AF,,,TL,MAS,6552 4822,
,B,15,136,29,3,AF,0,,,,6552 4822,
,,15,118,6,,AF,,,,,6552 4822,
,B,16,165,18,-5,AF,1,,,,6552 4822,
,,16,162,13,1,AF,0,,,,6552 4822,
,,16,135,6,,AF,0,,,,6552 4822,
7/17/2025,F,14,165,,,AF,,,MAS,ZG,6552 4822,
,,14,137,30,,AF,,,,,6552 4822,
,,,125,6,,AF,,,,,6552 4822,
,B,,149,6,,AF,,,,,6552 4822,
,,16,150,6,,AF,,,,,6552 4822,
,,17,142,6,,AF,,,,,6552 4822,
,B,17,148,22,W0,AF,0,,,,6552 4822,
,,,150,18,,AF,,,,,6552 4822,
7/18/2025,F,13,149,28,-1,BF,0,,,,6552 4822,
,,,148,12,,BF,,,,,6552 4822,
,,,145,22,-3,AF,0,,,,6552 4822,
,,,109,18,,AF,,,,,6552 4822,
,B,,140,25,W0,AF,0,BIGFLOP,ZG,RD,6552 4822,
,,,137,12,,AF,,,,,6552 4822,
,,,123,12,,AF,,DEADMAN,,,6552 4822,
,,,140,6,,AF,,,,,6552 4822,
,,,132,24,,AF,,,,,6552 4822,
,,,108,,,,,,,,6552 4822,
,B,17,123,12,,BF,,,,,6552 4822,
,B,19,138,12,,AF,,,,,6552 4822,
,,19,125,29,6,AF,0,,,,6552 4822,
7/19/2025,F,7,137,28,,AF,,,MAS,ZG,6552 4822,
,B,7,157,6,,AF,,,ZG,MAS,6552 4822,
,,,113,18,,BF,,,,,6552 4822,
,B,8,164,13,-2,AF,0,,,,6552 4822,
,,8,167,11,1,AF,0,,,,6552 4822,
,,,164,13,,AF,,,,,6552 4822,
,,8,163,13,W0,AF,0,,TL,MAS,6552 4822,
,,,144,21,W0,AF,0,,,,6552 4822,
,B,9,164,16,D0,AF,1,,,,6552 4822,
,,9,162,14,-1,AF,1,,,,6552 4822,
,,9,141,23,-2,AF,1,,,,6552 4822,
,,9,125,12,,AF,,,TL,MAS,6552 4822,
,,9,121,31,2,AF,0,,,,6552 4822,
,B,10,161,16,D0,AF,0,,TL,RD,6552 4822,
,,10,150,6,,,,,,,6552 4822,
,B,10,153,22,-5,AF,0,,,,6552 4822,
,,10,132,26,4,AF,0,,,,6552 4822,
,,11,129,31,-5,AF,0,,,,6552 4822,
,B,12,164,6,,AF,,,MS,RD,6552 4822,
,,,162,15,1,AF,2,,,,6552 4822,
,,,161,18,-5,AF,0,,,,6552 4822,
,,,159,18,-5,AF,0,STRAIGHTDOWN,,,6552 4822,
,,,157,17,-3,AF,2,,,,6552 4822,
,,,148,12,,AF,,,,,6552 4822,
,,,144,12,,AF,,,,,6552 4822,
,,,136,27,-2,AF,0,,,,6552 4822,
,,,112,24,,AF,,,,,6552 4822,
,,,103,24,,AF,,,,,6552 4822,
,B,13,159,18,-1,AF,1,,MS,EB,6552 4822,
,,13,154,21,-1,BF,0,,,,6552 4822,
,,13,156,17,D0,,0,,,,6552 4822,
,B,18,167,17,-3,AF,1,,MS,MB,6552 4822,
,,19,164,13,-2,AF,0,,,,6552 4822,
,,19,153,19,-3,AF,0,,,,6552 4822,
,,19,155,20,-4,AF,2,,,,6552 4822,
,,19,142,22,-1,AF,0,,,,6552 4822,
,,19,139,23,-1,AF,0,,MS,EB,6552 4822,
,,19,129,28,-2,AF,0,,,,6552 4822,
,,19,154,19,-4,AF,0,,,,6552 4822,
,,19,155,6,,AF,,DEADMAN,,,6552 4822,
,,19,151,17,1,AF,0,,,,6552 4822,
,,19,147,19,D0,AF,0,,,,6552 4822,
,,20,145,22,-4,AF,0,,,,6552 4822,
,,20,135,24,2,AF,0,SPINS,,,6552 4822,
,,20,135,15,,AF,,,,,6552 4822,
,,20,126,15,,BB,,DEADMAN,,,6552 4822,
7/20/2025,F,,151,22,-4,AF,0,,ZG,MAS,6552 4822,
,,,140,22,W0,AF,0,,,,6552 4822,
,,,140,23,-1,AF,0,,,,6552 4822,
,,,126,29,1,AF,0,BIGFLOP,,,6552 4822,
,,,125,30,D0,AF,0,,,,6552 4822,
,B,11,163,6,,AF,,,MG,RD,6552 4822,
,,11,141,12,,AF,,,,,6552 4822,
,B,13,162,16,-3,AF,0,,,,6552 4822,
,,13,136,21,1,AF,0,,,,6552 4822,
,,13,131,21,3,AF,0,,,,6552 4822,
,,13,127,21,,AF,,,,,6552 4822,
,,13,125,27,,AF,,,,,6552 4822,
,B,14,134,27,,AF,,,,,6552 4822,
,B,15,162,16,-1,AF,0,,MS,EB,6552 4822,
,,15,160,6,,AF,,,,,6552 4822,
,,15,154,6,,AF,,,,,6552 4822,
,,16,151,6,,AF,,,,,6552 4822,
,,16,144,22,-2,AF,1,,,,6552 4822,
,,16,142,24,1,AF,3,,,,6552 4822,
,,16,142,15,,AF,,,,,6552 4822,
,B,18,134,27,-1,AF,0,,MS,NB,6552 4822,
,,18,134,23,4,AF,0,,,,6552 4822,
7/21/2025,B,14,154,19,-2,AF,0,,,,6552 4822,115
,,14,125,26,5,AF,0,,,,6552 4822,
,,15,117,34,,AF,,,,,6552 4822,
,B,16,159,6,,AF,,,ZG,EB,6552 4822,
,,16,153,16,5,AF,3,,,,6552 4822,
,,,127,12,,AF,,,,,6552 4822,
,B,17,160,16,-1,AF,0,,,,6552 4822,
,,17,135,23,2,AF,0,BIGFLOP,,,6552 4822,
,,17,135,12,,AF,,,,,6552 4822,
,,18,133,6,,AF,,,,,6552 4822,
7/22/2025,N,12,149,12,18,BB,,,ZG,JA,66094822,
,,13,157,10,5,AF,0,STRAIGHTDOWN,ZG,MAS,66094822,
,,13,147,10,6,AF,1,,,,66094822,
,,13,144,16,6,BF,0,,,,66094822,
,,13,130,22,5,AF,,BIGFLOP,,,66094822,
,,13,127,23,4,AF,2,,,,66094822,
,,13,126,24,3,AF,0,STRAIGHTDOWN,,,66094822,
,,13,120,26,5,AF,2,,,,66094822,
,,13,124,29,D0,AF,0,,MS,EB,66094822,
,B,14,119,24,,BB,,,,,66094822,
,,14,170,14,-3,AF,0,,,,66094822,
,,14,168,13,-3,AF,2,,,,66094822,
,,14,169,12,-1,AF,1,,,,66094822,
,,15,157,21,-5,AF,0,,,,66094822,
,,15,154,19,-3,AF,1,,,,66094822,
,,15,122,24,,AF,,,,,66094822,
,B,16,159,21,-5,AF,0,,,,66094822,
,,16,159,17,-2,AF,0,,,,66094822,
,,16,156,19,-3,AF,4,,,,66094822,
,,16,154,20,-3,AF,2,,,,66094822,
,,16,141,25,-4,AF,0,,,,66094822,
,,16,120,33,1,AF,1,,,,66094822,
,,16,168,12,-2,AF,0,,,,66094822,
,,16,163,6,,AF,,,MS,NB,66094822,
,,17,149,18,3,AF,0,,,,66094822,
,,17,149,26,-5,AF,4,FLIPS,,,66094822,
,,17,146,12,,AF,,,,,66094822,
,,17,140,23,W0,AF,0,,,,66094822,
7/23/2025,F,13,166,17,-1,AF,3,,MAS,ZG,66094822,
,,13,124,30,1,AF,0,FLOP,,,66094822,
,,13,151,19,-1,AF,2,SMALLFLOP,,,66094822,
,,13,139,23,-2,AF,0,,,,66094822,
,,13,126,36,-5,BF,,,,,66094822,
,B,15,155,21,W0,AF,1,FLOP,ZG,EB,66094822,
,,15,141,23,-3,AF,0,,,,66094822,
,B,16,143,23,-1,AF,0,,,,66094822,
,B,17,138,26,-1,AB,2,,,,66094822,
,,17,132,25,D0,AF,0,,,,66094822,
,,17,154,18,-4,AF,0,,,,66094822,
,,17,124,18,,AF,,FLOP,,,66094822,
,,17,113,24,,BB,,,,,66094822,
7/24/2025,F,,175,13,-4,AF,0,,TL,MAS,66094822,
,,,155,15,-1,AF,0,,,,66094822,
,,,145,18,W0,AF,1,,,,66094822,
,B,12,153,19,-2,AF,1,,TL,JA,66094822,
,,12,146,12,,AF,,,,,66094822,
,,13,133,12,,AF,,,,,66094822,
,,13,157,6,,AF,,,,,66094822,
,,13,153,16,-1,,0,,,,66094822,
,,13,146,18,D0,AF,0,,,,66094822,
,,13,129,18,,BF,,,,,66094822,
,,13,123,18,,BF,,,TL,JA,66094822,
,B,15,167,12,-2,AF,,,,,66094822,
,,15,151,17,-3,AF,0,,,,66094822,
,,15,139,21,-2,AF,1,,,,66094822,
,,,134,24,-1,AF,,STRAIGHTDOWN,,,66094822,
,,,136,24,D0,AF,,STRAIGHTDOWN,,,66094822,
,B,,134,12,,AF,,,TL,JA,66094822,
7/25/2025,F,13,165,13,,AF,2,,ZG,RD,66094822,
,,13,150,17,5,AF,2,,,,66094822,
,,,141,21,1,AF,1,,,,66094822,
,,,140,24,1,AF,1,,,,66094822,
,,14,130,28,1,AF,0,,,,66094822,
,,14,127,31,D0,AB,0,,,,66094822,
,,14,165,13,1,AF,0,,,,66094822,
,B,15,168,16,-5,AF,0,,ZG,EB,66094822,
,,16,161,14,-2,AF,1,,,,66094822,
,,16,159,6,,AF,,,,,66094822,
,,16,152,6,,AF,,,,,66094822,
,,16,140,6,,AF,,,,,66094822,
,,16,130,31,-2,AF,0,,,,66094822,
,B,18,150,6,,AF,0,DEADMAN,ZG,RD,66094822,
,,18,139,,,AF,,,,,66094822,
7/26/2025,F,,147,12,,AF,,,,,66094822,
,,,140,21,,AF,,,,,66094822,
,,,127,18,,BF,,,,,66094822,
,,,166,12,-2,AF,3,,,,66094822,
,,,146,18,-2,AF,1,,,,66094822,
,,,136,21,-1,AF,,,,,66094822,
,B,,167,14,-4,AF,1,,,,66094822,
,,,155,9,3,AF,,,,,66094822,
,,,142,19,D0,AF,2,,,,66094822,
,,,132,23,,AF,,,,,66094822,
,B,11,164,15,W0,AF,2,SPINS,JC,NB,66094822,
,,11,146,18,D0,AF,0,,,,66094822,
,,11,137,22,-1,AF,0,,,,66094822,
,,11,131,24,2,AF,0,,,,66094822,
,,11,118,24,,AF,,,,,66094822,
,,11,132,25,2,AF,0,,,,66094822,
,,11,122,31,-1,AF,0,,,,66094822,
,,,114,33,W0,AF,1,DEADMAN,,,66094822,
,B,13,158,18,-4,AF,1,,MS,MAS,66094822,
,B,14,164,15,-1,AF,0,,,,66094822,
,,14,153,18,-2,AF,0,,,,66094822,
,,14,154,17,-2,AF,0,,,,66094822,
,,14,152,19,-2,AF,0,,,,66094822,
,,14,144,21,-2,AF,1,,,,66094822,
,,14,129,30,-4,AF,0,,,,66094822,
,,15,124,15,,AF,,,,,66094822,
,,15,123,32,-2,AF,0,,,,66094822,
,B,16,145,6,,AF,,,MS,NB,66094822,
,,16,130,34,-4,BB,0,,,,66094822,
,,16,126,30,-3,AF,0,,,,66094822,
,,16,168,6,,AF,,,,,66094822,
,,16,163,13,-2,AF,2,,,,66094822,
,,16,138,32,-7,AF,2,,,,66094822,
,,16,136,27,-2,AF,3,,,,66094822,
,B,17,155,20,-3,AF,0,,MS,EB,66094822,
,,18,154,22,-5,AF,0,,,,66094822,
,,18,145,21,-1,AF,2,,,,66094822,
,,18,136,24,D0,AF,0,,,,66094822,
,B,18,144,6,,AF,,,,,66094822,
,B,19,140,22,1,AF,0,,MS,EB,66094822,
,,19,136,27,-5,AF,0,,,,66094822,
,,19,129,15,,AF,,,,,66094822,
,,19,117,6,,AF,,,,,66094822,
,,19,121,6,,AF,,,,,66094822,
,B,20,141,23,2,AF,0,,,,66094822,
,,21,138,23,-1,AF,2,,,,66094822,
,,21,121,6,,AF,,,,,66094822,
,,21,124,28,2,AF,0,,,,66094822,
7/27/2025,F,10,145,12,,AF,,,ZG,RD,66094822,
,,10,135,12,,AF,,,,,66094822,
,B,10,158,,,AF,,,,,66094822,
,,10,154,23,-3,BF,0,,,,66094822,
,,11,134,24,3,AF,0,,,,66094822,
,,11,126,29,-1,AF,0,,,,66094822,
,,11,123,12,,AF,0,,,,66094822,
,,11,123,31,1,AF,0,,,,66094822,
,B,12,159,21,-7,AF,0,,,,66094822,
,,,157,14,-2,AF,0,,,,66094822,
,,,144,18,4,AF,0,,,,66094822,
,,12,131,12,,AF,,,,,66094822,
,,12,152,16,-2,AF,0,,,,66094822,
,B,14,169,14,-2,AF,1,,ZG,EB,66094822,
,,14,162,12,-3,AF,0,,,,66094822,
,,14,162,12,-1,AF,1,,,,66094822,
,,14,161,12,-4,AF,0,,ZG,MS,66094822,
,,14,153,14,3,AF,1,,,,66094822,
,,14,145,18,-2,AF,0,,,,66094822,
,B,15,162,15,-1,AF,0,,MS,EB,66094822,
,,16,150,6,,AF,,,,,66094822,
,,16,144,18,D0,AF,0,,,,66094822,
,,16,136,24,-1,AF,0,,,,66094822,
,,16,133,12,,AF,,,,,66094822,
,,16,120,18,,AF,,,,,66094822,
,,16,153,16,2,AF,0,,,,66094822,
,,16,130,12,,AF,,,,,66094822,
,,16,128,29,-1,AF,0,,,,66094822,
,,16,123,31,-2,AF,0,,,,66094822,
,,16,120,32,W0,AB,0,,,,66094822,
,B,18,156,6,,AF,,,MS,EB,66094822,
,,18,148,6,,AF,,,,,66094822,
,,18,144,20,2,AF,,,,,66094822,
,,18,117,20,,BF,,,,,66094822,
,,18,119,34,-5,AF,0,,,,66094822,
7/28/2025,B,12,137,15,,BB,,DEADMAN,MS,EB,66094822,0
,,13,157,14,1,AF,0,,,,66094822,
,,13,144,6,,AF,,,,,66094822,
,,13,127,9,,AF,,,,,66094822,
,,13,120,28,1,AF,0,,,,66094822,
,B,14,162,17,-3,AF,3,,MS,NB,66094822,
,,15,161,8,2,AF,0,,,,66094822,
,,15,150,18,1,AF,0,MBS,,,66094822,
,,15,147,20,-2,AF,0,,,,66094822,
,,15,137,23,-1,AF,0,,,,66094822,
,,15,151,19,1,AF,3,,,,66094822,
,,15,143,21,W0,AF,0,,,,66094822,
,,15,158,6,,BF,,,MS,NB,66094822,
,,15,159,22,-5,BF,,,,,66094822,
,,15,156,19,,BF,,,,,66094822,
,,15,146,9,,AF,,,,,66094822,
,,15,138,9,,AF,,,,,66094822,
,,16,130,12,,AF,,,,,66094822,
,,16,122,30,W0,AF,0,,MS,EB,66094822,
,,16,116,33,1,AF,0,,,,66094822,
,B,16,158,21,-5,AF,0,,,,66094822,
,,16,158,16,-1,AF,0,,,,66094822,
,,16,125,21,,BF,,,,,66094822,
,,17,130,12,,AF,,,,,66094822,
,,17,162,16,-5,AF,2,,,,66094822,
,,17,156,22,-4,BF,0,,,,66094822,
,,17,154,16,2,BF,0,,,,66094822,
,,17,144,23,-4,AF,0,,,,66094822,
,,17,136,9,,BF,,,,,66094822,
,,17,123,31,W0,AF,0,,,,66094822,
,,17,116,36,-4,AF,0,,,,66094822,
,,17,121,33,-1,AF,0,,MS,NB,66094822,
,,18,120,34,2,,0,,MS,NB,66094822,
,B,19,154,17,-3,AB,0,DEADMAN,,,66094822,
7/29/2025,F,,144,25,-4,AF,0,,MAS,ZG,66094822,
,,,164,14,-5,AF,0,,,,66094822,
,,,160,13,-3,AF,,,,,66094822,
,B,,156,16,-3,AF,0,,,,66094822,
,,,151,14,3,AF,,,,,66094822,
,,,140,9,,AF,,,,,66094822,
,,,153,20,1,BB,3,BACKFLIPS,,,66094822,
,B,,162,14,-3,AF,0,STRAIGHTDOWN,,,66094822,
,,,156,13,W0,,0,,ZG,MAS,66094822,
,B,15,162,14,-1,AF,,,,,66094822,
,,,155,13,W0,AF,2,,,,66094822,
,,,147,16,W0,AB,0,FLOP,,,66094822,
,,,140,18,1,AF,0,FLOP,,,66094822,
,,,142,19,2,AF,0,,,,66094822,
,,,121,24,,,,,,,66094822,
,B,17,158,16,-2,AF,1,,,,66094822,
,,,142,22,-5,AF,2,,,,66094822,
,,,125,18,,,,,,,66094822,
,,,117,18,,,,,,,66094822,
7/30/2025,F,12,151,18,1,,0,FLOP SPINS,ZG,NB,66094822,
,,12,153,9,,AF,,,,,66094822,
,B,13,169,12,-3,AF,0,,,,66094822,
,,13,144,18,D0,AF,0,,,,66094822,
,,13,142,20,-5,AF,0,,,,66094822,
,,13,138,19,3,AF,3,,,,66094822,
,B,14,156,16,1,AF,2,FLOP SPINS,ZG,MS,66094822,
,,14,150,16,W0,AF,0,W1,,,66094822,
,,14,140,19,3,AB,0,FLOP SPINS,,,66094822,
,,14,148,6,,AF,,,,,66094822,
,B,15,164,14,-2,AF,0,,ZG,NB,66094822,
,,15,159,13,-2,AF,0,,,,66094822,
,,15,154,15,-3,AF,0,,,,66094822,
,,15,151,16,D0,AF,0,,,,66094822,
,,15,139,19,2,AF,0,STRAIGHTDOWN,,,66094822,
,,15,169,10,D0,AF,2,,,,66094822,
,,16,160,6,,AF,0,,,,66094822,
,B,17,147,21,D0,AF,3,,ZG,MS,66094822,
,,,156,6,,AF,,,,,66094822,
,,,150,16,-1,,0,STRAIGHTDOWN,,,66094822,
,,,133,24,2,,0,STRAIGHTDOWN,,,66094822,
7/31/2025,F,13,155,18,D0,AF,0,DEADMAN,JC,EB,66094822,
,,13,157,15,W0,AF,0,,JC,EB,66094822,
,B,14,155,6,,AF,,,JC,RD,66094822,
,,15,140,20,2,AF,0,,,,66094822,
,,15,131,24,3,AF,0,,,,66094822,
,,15,118,33,-2,AF,0,,,,66094822,
,B,16,129,29,2,AF,0,,JC,EB,66094822,
,B,18,156,19,-3,AB,0,,,,66094822,
8/1/2025,F,,160,6,,AF,,,ZG,MAS,66094822,
,,,161,6,4,AF,2,,,,66094822,
,,,157,14,-4,AF,1,CHARLIE,,,66094822,
,,,144,12,,BF,,,,,66094822,
,,,143,6,,AF,,,,,66094822,
,,12,165,10,-3,AF,2,,,,66094822,
,,12,138,21,D0,AF,1,,,,66094822,
,,12,127,26,W0,AF,1,,,,66094822,
,,,125,27,1,AF,0,FLOP,,,66094822,
,B,14,159,14,2,AF,1,,ZG,RD,66094822,
,,14,157,13,-2,AF,0,,,,66094822,
,,14,152,,,AF,0,,,,66094822,
,,14,151,13,2,AF,0,,ZG,RD,66094822,
,,14,143,6,,AF,,,,,66094822,
,,14,141,19,3,AF,,,,,66094822,
,,14,139,22,-1,AF,0,CLIFFHANGER,,,66094822,
,,14,123,12,,AF,,,,,66094822,
,,14,125,28,D0,AF,2,,,,66094822,
,,15,168,10,-3,AF,0,,,,66094822,
,,15,121,28,1,AF,0,,,,66094822,
,,15,152,20,-1,BF,0,,,,66094822,
,,15,151,15,-1,AF,0,,,,66094822,
,,15,142,20,-2,AF,0,,,,66094822,
,,15,134,23,,AB,,,,,66094822,
,,15,167,10,W0,AB,,,,,66094822,
,,15,121,,,BF,,,,,66094822,
,B,16,157,6,,AF,,,,,66094822,
,,16,159,13,-4,AF,,,,,66094822,
,,16,156,13,D0,AF,,,,,66094822,
,,16,124,29,1,AF,2,,,,66094822,
,B,,130,31,-3,AF,0,BIGFLOP SPINS,,,66094822,
,,,123,29,-1,AF,0,FLOP,,,66094822,
,,,145,19,-3,AF,0,,,,66094822,
,,19,138,20,D0,AF,0,,ZG,MAS,66094822,
,,19,133,6,,BF,,,,,66094822,
,,19,143,17,D0,AF,0,FLOP,,,66094822,
,,19,142,12,,AF,,DNJ,,,66094822,
,B,,139,21,-2,BB,0,DEADMAN,,,66094822,
,,,140,20,1,AF,0,,,,66094822,
,,,129,28,-4,AF,0,FLOP,,,66094822,
,,,126,27,1,AF,0,,,,66094822,
8/2/2025,F,9,152,17,W0,AF,0,,ZG,ZS,66094822,
,,9,150,6,,AF,,,,,66094822,
,,9,116,15,,AF,,,,,66094822,
,,9,156,14,-1,AF,0,STRAIGHTDOWN,,,66094822,
,,9,156,14,-2,AF,0,FLOP,,,66094822,
,,9,158,14,-4,AF,2,,,,66094822,
,,9,142,20,-4,AF,2,,,,66094822,
,B,10,149,6,,AF,,,,,66094822,
,,10,159,6,,AF,,,,,66094822,
,,10,153,12,,BF,,,,,66094822,
,,10,152,6,,AF,,,,,66094822,
,,11,141,18,-1,AF,0,,,,66094822,
,,,127,18,,AF,,,,,66094822,
,,16,134,23,W0,AF,0,,MS,MAS,66094822,
,,,119,32,D0,AF,0,,,,66094822,
,B,17,160,14,D0,AF,1,,MS,TL,66094822,
,,,153,15,-4,AF,0,,,,66094822,
,,,149,15,W0,AF,0,,,,66094822,
,,,154,14,1,AF,2,,,,66094822,
,,,146,16,1,AF,0,,,,66094822,
,,,137,23,-6,AF,0,,,,66094822,
,,,142,18,1,AF,1,,,,66094822,
,,,132,25,-1,AB,0,DEADMAN,,,66094822,
,,,159,12,W0,AF,,,,,66094822,
,,,134,24,-3,AF,2,,,,66094822,
,,,126,21,,AF,,,,,66094822,
,,,124,18,,AF,,,,,66094822,
,B,18,163,16,-7,AF,0,,TL,MS,66094822,
,,19,152,6,,AF,,,,,66094822,
,,,152,6,,AF,,,,,66094822,
,,,148,15,3,AF,4,,,,66094822,
,,,125,12,,AF,,,,,66094822,
8/3/2025,N,8,168,6,,AF,,,ZG,MS,66104822,0
,,8,139,15,,BF,,,MS,RD,66104822,
,B,9,142,12,18,BF,,,,,66104822,
,,9,141,,,BF,,,,,66104822,
,,9,141,18,10,BF,0,,MS,RD,66104822,
,,10,130,18,8,AF,0,,,,66104822,
,,,124,25,3,AF,1,,,,66104822,
,B,11,134,18,8,AF,0,,,,66104822,
,,11,165,6,6,AF,,,,,66104822,
,,11,143,26,-5,AF,1,,,,66104822,
,,11,134,6,,BF,,,,,66104822,
,B,12,161,20,-3,AF,1,,,,66104822,
,,13,154,24,-1,BB,0,,,,66104822,
,,13,156,18,-4,AF,0,,,,66104822,
,,13,140,21,1,AF,0,,,,66104822,
,,13,138,23,-1,AF,2,,MS,MAS,66104822,
,,,137,23,1,AF,1,FLOP,,,66104822,
,B,,163,18,-6,AF,0,,MS,MAS,66104822,
,,,139,23,W0,AF,1,,,,66104822,
,,,135,12,,,,,,,66104822,
,,,123,,,AF,,,,,66104822,
,B,,168,16,-4,AF,0,,ZG,MAS,66104822,
,,,164,11,1,AF,0,,,,66104822,
,,,159,13,-2,AF,0,SPINS,,,66104822,
,,,144,22,-4,AF,0,,,,66104822,
,,,139,22,D0,AB,0,FLOP,,,66104822,
,,,166,10,1,AF,0,FLOP,,,66104822,
,B,,164,14,,AF,,,,,66104822,
,,16,125,28,4,AF,0,BIGFLOP SPINS,,,66104822,
,,16,154,,,AF,,,,,66104822,
,,16,141,9,,AF,,,,,66104822,
,,16,143,21,1,AF,0,,,,66104822,
,,16,127,28,1,AF,0,BIGFLOP,,,66104822,
,,,102,,,AF,,,,,66104822,
,B,17,1661,14,-2,AF,0,,ZG,NB,66104822,
,,17,58,13,2,AF,0,,,,66104822,
,,17,133,25,1,AF,0,,,,66104822,
,,17,130,25,,AF,,,,,66104822,
,,17,168,5,3,AF,0,,ZG,NB,66104822,
,,17,162,12,1,AF,0,,,,66104822,
,,17,131,26,-1,AF,0,,,,66104822,
,B,18,167,14,-2,AF,0,,ZG,NB,66104822,
,,18,163,12,,AF,0,,,,66104822,
,,18,150,6,,AF,0,,,,66104822,
,,18,142,22,-4,AF,0,,,,66104822,
,,18,136,25,,AF,,,,,66104822,
,B/2,18,136,25,D-,AF,,,,,66104822,
8/4/2025,F,11,150,6,,AF,,,ZG,NB,66104822,
,,11,145,19,1,AF,0,,,,66104822,
,,11,168,10,D0,AF,0,,,,66104822,
,B,12,167,13,-1,AF,0,,,,66104822,
,,12,164,12,W0,AF,0,,,,66104822,
,,12,157,6,,AF,,,,,66104822,
,,12,162,14,-4,AF,0,,,,66104822,
,B,,161,15,-3,AF,0,,ZG,JA,66104822,
,,,134,6,,AF,,,,,66104822,
,B/2,,158,21,-2,BF,1,FRONTFLIP,,,66104822,
,B,,156,18,,AF,2,FLOP,,,66104822,
,,,139,,,AF,,,,,66104822,
,F,15,159,13,4,B,0,BIGFLOP,ZS,ZG,66104822,
,,15,153,24,,F,,,,,66104822,
,,15,134,24,,F,,,,,66104822,
,,15,134,28,1,F,3,,,,66104822,
,,15,129,28,,F,,,,,66104822,
,,15,129,26,-1,F,0,FLOP,,,66104822,
,B,16,161,6,,F,,,,,66104822,
,,17,160,11,1,F,0,,,,66104822,
,,17,155,15,1,B,1,,,,66104822,
,,17,120,30,2,F,1,,,,66104822,
,,17,169,10,-3,F,1,,,,66104822,
,,17,166,9,,F,,FLOP,,,66104822,
,,17,160,13,W0,F,0,,,,66104822,
,,17,136,24,D0,F,0,DEADMAN,,,66104822,
,,17,125,28,1,F,0,,,,66104822,
,B,17,160,19,-3,F,3,,,,66104822,
,,18,154,18,-3,F,2,,,,66104822,
,,18,170,12,-5,F,0,,,,66104822,
,,19,166,12,-3,F,0,,,,66104822,
,,19,147,18,-1,F,1,,,,66104822,
,,19,138,24,-3,F,0,,,,66104822,
,,19,124,31,-3,F,1,,,,66104822,
,,19,153,16,-2,B,3,,,,66104822,
,,19,158,15,W0,B,3,,,,66104822,
,,,139,22,-3,F,,,ZC,JA,66104822,
,,,161,15,W0,F,0,SMALLFLOP,,,66104822,
,,,140,12,,F,,,,,66104822,
,,,135,23,1,F,0,,,,66104822,
,,,127,28,1,F,0,,,,66104822,
,,,158,14,W0,F,0,,ZG,NB,66104822,
,,,131,18,-3,B,0,,,,66104822,
,,,140,22,-3,B,0,,,,66104822,
8/5/2025,B,,168,14,-3,F,0,,ZG,MAS,66104822,
,,,151,17,W0,F,0,,,,66104822,
,,,151,12,,F,0,,,,66104822,
,,,161,18,-4,F,0,,,,66104822,
,,,133,24,W0,F,0,,,,66104822,
,,,131,25,-3,F,0,,,,66104822,
,,,130,25,-2,F,0,,,,66104822,
,B,15,163,15,-2,F,0,,ZG,EB,66104822,
,,15,160,13,W0,F,0,,,,66104822,
,,15,135,24,-2,F,0,,,,66104822,
,,15,129,25,2,F,0,,,,66104822,
,B,16,144,24,1,F,1,,,,66104822,
,B,,131,28,-2,F,0,FLOP,,,66104822,
,,,125,27,3,B,0,,,,66104822,
,B/2,17,137,25,1,F,3,,ZG,MAS,66104822,
,,,149,25,-2,F,0,,,,66104822,
,,14,169,12,2,F,1,,,,66104822,
8/6/2025,F,14,154,9,,F,,,TL,MAS,66104822,
,,14,153,18,-4,F,2,,,,66104822,
,,14,147,18,1,F,3,,,,66104822,
,,14,143,22,W0,F,0,,,,66104822,
,B,15,165,6,,F,,,,,66104822,
,,15,154,17,-3,F,2,,,,66104822,
,,15,151,9,,F,,,,,66104822,
,,15,138,9,,F,,,,,66104822,
,,17,166,19,-4,F,0,,,,66104822,
,B,17,157,15,-3,F,0,STRAIGHTDOWN,MAS,TL,66104822,
,,17,161,12,,F,,,,,66104822,
,,17,164,14,-1,F,4,,,,66104822,
8/7/2025,F,13,144,9,,F,,,JC,RD,66104822,
,,13,134,9,,F,,,,,66104822,
,B,13,148,6,,F,,,,,66104822,
,,14,135,9,,F,,,,,66104822,
,B,14,132,19,-3,F,0,,,,66104822,
,,14,139,26,W0,F,0,,,,66104822,
,,14,132,29,,F,,,,,66104822,
,B,15,148,6,,F,,,,,66104822,
8/8/2025,F,13,159,19,-3,F,0,,ZG,RD,66104822,
,,13,150,6,,F,0,,,,66104822,
,,13,134,28,-5,F,0,STRAIGHTDOWN,,,66104822,
,B,14,161,16,W0,F,1,FLOP,,,66104822,
,,14,160,14,D0,F,3,,,,66104822,
,,14,150,17,1,F,0,,,,66104822,
,,14,149,18,1,F,0,CLIFHANGER BIGFLOP,,,66104822,
,,14,144,21,-2,F,0,,,,66104822,
,B,15,150,21,,F,,,,,66104822,
,B,17,149,25,-1,F,0,BACKFLIP,ZG,NB,66104822,
,,17,144,21,-3,F,0,,,,66104822,
,,17,138,23,W0,F,2,,,,66104822,
,,17,131,31,1,F,0,,,,66104822,
,,17,130,25,1,B,0,,,,66104822,
,,17,114,32,3,F,0,,,,66104822,
,,17,164,12,-1,F,0,,,,66104822,
,,17,143,21,-2,F,0,,,,66104822,
8/9/2025,F,8,144,30,-3,F,0,,ZS,ZG,66104822,
,,8,141,21,-2,F,0,,,,66104822,
,,8,128,12,,F,,,,,66104822,
,,8,138,22,-2,F,0,,,,66104822,
,B,9,111,36,1,F,,,,,66104822,
,B,10,162,6,,F,,,,,66104822,
,,,161,14,-1,F,0,,,,66104822,
,,,153,18,-5,F,0,STRAIGHTDOWN,,,66104822,
,,,125,27,D0,F,0,,,,66104822,
,,,123,12,,F,,,,,66104822,
,,,166,20,-4,F,0,,,,66104822,
,,,169,12,-5,F,2,,,,66104822,
,,,168,4,5,F,0,,,,66104822,
,,,163,14,-5,F,0,,,,66104822,
,,,160,11,D0,F,1,,,,66104822,
,,,158,14,-1,F,0,,,,66104822,
,,11,152,16,-3,F,0,,ZS,ZG,66104822,
,,11,146,12,3,F,0,,,,66104822,
,,11,132,12,,F,,,,,66104822,
,,11,122,24,4,F,0,,,,66104822,
,B,,144,12,,F,,,,,66104822,
,,,127,28,-2,F,0,,,,66104822,
,B,,163,15,-2,F,2,,,,66104822,
,,,130,6,,F,,,,,66104822,
,,,140,6,,F,,,,,66104822,
,,,139,22,D0,F,3,,,,66104822,
,,13,137,12,,F,,,,,66104822,
,,13,127,18,,F,,,,,66104822,
,,,115,21,,F,,,,,66104822,
,,,145,12,,F,,,,,66104822,
,,,127,12,,F,,,,,66104822,
,,,169,9,-3,F,0,,,,66104822,
,,,167,10,-1,F,3,,,,66104822,
,,,153,6,,F,,,,,66104822,
,,,118,21,,F,,,,,66104822,
,,,132,25,,F,,,,,66104822,
8/10/2025,F,9,125,9,,F,,,MS,RD,66104822,
,B,10,162,17,-3,F,2,,,,66104822,
,,10,160,6,3,F,2,,,,66104822,
,,10,146,17,2,F,2,,,,66104822,
,,10,137,23,-3,F,0,,,,66104822,
,,11,121,21,,F,,,,,66104822,
,B,11,136,12,,F,,,,,66104822,
,,11,121,30,D0,F,0,,,,66104822,
,,11,121,32,W0,F,0,,,,66104822,
,B,12,143,12,,F,,,,,66104822,
,,12,152,14,1,F,,,,,66104822,
,,12,150,18,-3,F,,,,,66104822,
,,12,143,23,-4,F,0,,,,66104822,
,,12,131,18,-3,F,1,,,,66104822,
,,12,127,31,-1,F,0,STRAIGHTDOWN,,,66104822,
,,13,125,32,-1,F,0,,,,66104822,
,,13,124,33,,F,,,,,66104822,
,B,,169,13,-4,F,0,,ZG,MAS,66104822,
,,,159,15,-3,F,1,,,,66104822,
,,14,143,12,,F,,,ZG,MAS,66104822,
,,14,160,15,-4,F,1,,,,66104822,
,,14,143,25,-2,F,0,,,,66104822,
,,,145,17,1,F,3,,,,66104822,
,,,127,9,,F,,,,,66104822,
,,,128,31,-5,F,1,,,,66104822,
,B,,139,21,3,F,0,,,,66104822,
,,,127,18,,F,,,,,66104822,
,,,127,28,-2,F,0,,,,66104822,
8/11/2025,F,12,162,17,D0,F,3,,,,66104822,0
,,12,157,14,1,F,0,,,,66104822,
,,12,160,15,-2,F,2,,,,66104822,
,,12,135,12,,F,,,,,66104822,
,B,14,156,25,-5,F,0,,,,66104822,
,,14,155,14,D0,F,0,,,,66104822,
,B,,145,21,1,F,1,,,,66104822,
,,,164,13,-3,F,0,,,,66104822,
,,,154,15,-1,F,0,,,,66104822,
,,,134,28,2,F,2,,,,66104822,
,,,126,28,-1,F,0,,,,66104822,
8/12/2025,F,13,152,21,W0,F,1,,MAS,ZG,66104822,
,,,150,6,,F,,,,,66104822,
,B/2,,137,25,-1,F,2,,,,66104822,
,,,134,26,-3,F,0,,,,66104822,
,,,130,26,1,F,0,W2,,,66104822,
,,,110,33,1,F,0,,,,66104822,
,B,,150,20,-3,F,0,,,,66104822,
,,,147,6,,F,,,,,66104822,
,B/2,,132,26,D0,F,1,,,,66104822,
,,,123,30,W0,F,0,,,,66104822,
,,,119,31,-1,F,0,,,,66104822,
,,,109,18,,F,,,,,66104822,
,,,144,21,-3,F,0,,,,66104822,
,,,166,6,2,F,0,,,,66104822,
,,,143,6,,F,,,,,66104822,
,,,138,23,3,F,,FLOP,,,66104822,
,,,130,12,,F,,,,,66104822,
,,,123,12,,F,,,,,66104822,
,,,115,21,,F,,,ZG,NB,66104822,
,,,138,25,-2,B,0,,,,66104822,
,,,122,31,1,F,0,,,,66104822,
,B,,134,36,-5,F,0,,,,66104822,
8/13/2025,F,,137,30,-4,F,,,MAS,JL,66104822,
,B,15,135,36,-5,F,,RUNNING,JL,TL,66104822,
,,15,142,24,-6,F,,,,,66104822,
,,15,136,34,-4,F,,,,,66104822,
,,15,168,9,-1,F,,,,,66104822,
,,15,150,20,W0,F,,,,,66104822,
,,15,132,6,,F,,,,,66104822,
,,15,145,9,,F,,,,,66104822,
,B,17,164,14,-3,F,,,,,66104822,
,,17,157,13,W0,F,0,,,,66104822,
,,17,157,13,W0,F,0,,,,66104822,
,,17,148,22,-1,F,0,,,,66104822,
,,17,134,24,D0,F,2,,,,66104822,
8/14/2025,F,12,163,13,-4,F,0,,JL,RD,66104822,
,,12,157,6,,F,,,,,66104822,
,,12,154,6,,F,,,,,66104822,
,,12,159,6,,F,,,,,66104822,
,,12,147,19,-3,F,1,,,,66104822,
,,12,146,6,,F,,,,,66104822,
,B,13,143,23,-2,F,0,,,,66104822,
,,,136,23,-3,F,0,,,,66104822,
,B,16,148,21,-5,F,0,,,,66104822,
,,16,138,30,3,F,1,,,,66104822,
,,16,147,19,-1,F,0,DEADMAN,,,66104822,
,,16,165,6,,F,,,,,66104822,
,,16,144,21,-4,F,0,,,,66104822,
,,16,129,12,,F,,,,,66104822,
,,16,170,10,1,F,2,SPINS FLOP,,,66104822,
,B,17,148,6,,F,,,,,66104822,
,,17,139,28,-4,F,0,,,,66104822,
,,17,135,23,W0,F,0,,,,66104822,
,,18,126,12,,F,,,,,66104822,
,,18,123,30,2,F,0,MISWEIGHT,,,66104822,
8/15/2025,F,10,157,17,2,F,0,,TL,RD,66104822,
,,11,156,17,-6,F,0,,,,66104822,
,,11,152,14,2,F,0,,,,66104822,
,B,11,163,12,1,F,1,,,,66104822,
,,11,166,9,1,F,1,,,,66104822,
,B/2,11,163,12,-3,B,0,,,,66104822,
,B,12,152,12,,F,,,,,66104822,
,,12,141,19,1,F,0,,,,66104822,
,B,13,166,13,D0,F,1,,TL,NB,66104822,
,,13,152,15,D0,F,0,,,,66104822,
,,13,140,19,1,F,1,,,,66104822,
,,13,139,21,1,F,2,,,,66104822,
,,13,132,12,,F,,,,,66104822,
,B,14,144,24,-5,F,0,STRAIGHTDOWN,,,66104822,
,,14,134,22,3,F,1,,,,66104822,
,,14,126,29,2,F,0,,,,66104822,
,B,15,137,25,-3,F,0,DEADMAN,,,66104822,
,,15,167,5,2,F,,,,,66104822,
,,15,163,6,,F,,,,,66104822,
,,15,167,14,-1,B,,,,,66104822,
,,15,159,18,W0,F,2,,,,66104822,
,B,17,153,18,-2,F,0,,TL,NB,66104822,
,,17,153,9,,F,,,,,66104822,
,,17,153,13,2,F,0,,,,66104822,
,,17,141,12,,F,,,,,66104822,
,,17,140,24,1,F,2,,,,66104822,
,,17,123,18,,F,,,,,66104822,
,B,18,151,9,,F,,,,,66104822,
,,18,142,19,1,F,2,,,,66104822,
,,18,130,15,,F,,,,,66104822,
16-Aug,F,,151,20,W0,F,0,,ZS,JA,66104822,
,,,158,15,-1,B,0,DEADMAN,ZS,RD,66104822,
,,,151,19,,B,,DEADMAN,,,66104822,
,B,,166,13,-2,F,0,,,,66104822,
,,,149,12,5,F,0,,,,66104822,
,,,141,25,-3,F,0,,,,66104822,
,,,155,11,-2,F,,,,,66104822,
,B,13,159,18,-3,F,0,,,,66104822,
,,,149,23,,F,,,,,66104822,
,,,121,32,-3,F,0,,,,66104822,
,,,120,32,D0,F,0,,MS,MAS,66104822,
,B,,134,20,,F,,,,,66104822,
,,,113,20,,F,,,,,66104822,
,,,126,,,F,,,,,66104822,
,B,,143,15,W0,F,0,,,,66104822,
,,,137,22,,F,,,,,66104822,
,B,,132,24,1,F,1,FLOP,,,66104822,
,,,127,28,-5,F,0,,,,66104822,
,B,19,165,13,-1,F,0,,,,66104822,
,,19,150,17,-1,F,0,,,,66104822,
,,19,149,19,-4,F,0,,,,66104822,
,,19,139,9,,F,,,,,66104822,
,B,20,156,18,-3,F,0,,,,66104822,
,,20,150,6,,F,,,,,66104822,
,,20,131,23,2,F,0,,,,66104822,
,,20,129,6,,F,,,,,66104822,
,,20,168,6,,F,,,,,66104822,
8/17/2025,F,,166,15,-1,F,0,,ZE,NB,66104822,
,,,159,15,-3,F,0,,,,66104822,
,,,155,16,-4,F,0,,,,66104822,
,,,145,17,1,F,0,,,,66104822,
,B,,159,6,,F,,,OAB,ZG,66104822,
,,,154,14,-3,F,0,,,,66104822,
,,,129,25,-1,F,0,,,,66104822,
,,,152,14,D0,F,0,SPINS,,,66104822,
,,,131,12,,F,,,,,66104822,
,,,126,25,D0,F,0,SPINS,,,66104822,
,B,,161,12,-3,F,,,,,66104822,
,,,159,6,,F,,,,,66104822,
,,,135,23,-2,F,0,,,,66104822,
,B,12,149,6,,F,,,OAB,TL,66104822,
,,12,166,10,-4,F,0,,,,66104822,
,,12,163,10,-2,F,1,,,,66104822,
,,12,157,9,,F,,,OAB,EB,66104822,
,,12,109,18,,F,,,,,66104822,
,,,152,13,D0,F,1,,,,66104822,
,B,13,163,13,-5,F,0,,TL,EB,66104822,
,,13,165,7,3,F,0,,,,66104822,
,,13,138,22,D0,F,1,,,,66104822,
,,13,122,15,,F,,,,,66104822,
,,13,116,15,,F,,,,,66104822,
,,13,130,12,,F,,,,,66104822,
,,13,135,12,,F,,,,,66104822,
,,13,124,15,,F,,,,,66104822,
,B,14,155,15,2,F,0,,,,66104822,
,,14,151,16,-5,F,0,,,,66104822,
,,15,150,14,1,F,0,,,,66104822,
,,15,123,34,-3,F,1,FLOP,,,66104822,
,,15,129,26,D0,F,1,,,,66104822,
,,15,123,28,W0,F,0,,,,66104822,
,,15,146,9,,F,,,,,66104822,
,B,,169,10,-2,F,0,,TL,MAS,66104822,
,,,163,9,-1,F,,,,,66104822,
,,,162,4,,F,,,,,66104822,
,,,158,12,D0,F,0,,,,66104822,
,,,135,26,-5,F,0,,,,66104822,
,,,131,26,-2,F,0,,TL,MAS,66104822,
,,,125,28,-3,F,0,,,,66104822,
,,,146,19,-1,F,1,,,,66104822,
,,,151,16,-1,F,0,,,,66104822,
,,,144,21,-2,F,2,,,,66104822,
,B,17,164,13,-3,F,0,,MAS,TL,66104822,
,,17,173,12,W0,F,0,,,,66104822,
,,17,169,5,1,F,0,,,,66104822,
,,17,168,4,1,F,0,,,,66104822,
,,17,166,8,W0,F,0,,,,66104822,
,,17,158,13,-5,F,0,FALL,,,66104822,
,B,18,155,19,1,F,1,,,,66104822,
,,18,147,12,,F,,,,,66104822,
,,18,150,12,,F,,,,,66104822,
8/18/2025,F,12,162,13,3,F,2,,ZG,NB,66104822,
,,12,157,11,3,F,0,,,,66104822,
,,12,136,24,-3,F,0,,,,66104822,
,,12,127,18,,F,,,,,66104822,
,,12,126,18,,F,,,,,66104822,
,,12,124,26,,F,,,,,66104822,
,B,13,123,18,7,F,0,,ZG,NB,66104822,
,,14,161,13,-1,F,1,,,,66104822,
,,14,159,12,3,F,0,,,,66104822,
,,14,146,20,-4,F,0,,,,66104822,
,,14,141,21,-3,F,0,,,,66104822,
,,14,167,8,W0,F,1,,,,66104822,
,,14,165,10,1-,F,2,,,,66104822,
,,14,161,11,,F,,,,,66104822,
,,14,159,11,-2,F,1,,,,66104822,
,,14,159,11,D0,F,0,,,,66104822,
,,14,142,21,-3,F,0,,,,66104822,
,B,15,145,22,D0,F,1,,ZG,EB,66104822,
,,15,141,12,,F,,,,,66104822,
,,16,139,21,1,F,1,,,,66104822,
,,16,168,8,D0,F,3,,,,66104822,
,B,17,173,9,2,F,1,,,,66104822,
,,17,165,6,,F,,,,,66104822,
,,17,146,18,-1,F,0,,,,66104822,
,,17,140,21,-1,F,0,,,,66104822,
,,17,135,10,,F,,,,,66104822,
,,17,150,6,-1,F,,,,,66104822,
,,,145,21,-4,F,0,,,,66104822,0
8/19/2025,F,13,156,15,-1,F,0,,MAS,ZG,66104822,
,,,147,18,-4,F,0,,,,66104822,
,,,147,17,-1,F,0,,,,66104822,
,,,143,19,W0,F,0,,,,66104822,
,,,137,22,-4,F,0,,,,66104822,
,,,134,22,,F,,,,,66104822,
,B,,149,18,,F,,,,,66104822,
,,,118,30,-1,F,0,,,,66104822,
,,,153,17,-5,F,0,,,,66104822,
,,,144,6,,F,,,,,66104822,
,B,,165,13,-3,F,1,,,,66104822,
,B/2,,131,22,,F,,,,,66104822,
8/20/2025,F,,139,12,,F,,,ZG,JA,66104822,
,,,135,12,,F,,,,,66104822,
,,,150,14,-1,F,0,,,,66104822,
,,,141,18,1,F,1,,,,66104822,
,B,,139,23,2,F,1,,,,66104822,
,B/2,16,146,18,D0,F,2,,ZG,JA,66104822,
,B,,152,6,,F,,,ZG,EB,66104822,
,,,148,15,1,F,0,,,,66104822,
,,,141,12,,F,,,,,66104822,
,,,137,12,,F,,,,,66104822,
,,,132,22,W0,F,0,,,,66104822,
8/21/2025,F,11,138,21,,F,,,JC,TL,66104822,
,,11,147,17,3,B,1,,,,66104822,
,,11,142,18,,F,,,,,66104822,
,B,11,138,24,,F,,FLOPS,JC,TL,66104822,
,B,11,132,24,,F,,FRONTFLIPS,TL,OAB,66104822,
,,11,147,21,1,F,,FRONTFLIPS,,,66104822,
,,11,138,24,1,F,,TOPCAPE,,,66104822,
,,12,142,15,,F,,,,,66104822,
,,12,132,35,-2,F,4,,,,66104822,
,B,13,161,15,1,F,4,TOPCAGE,,,66104822,
,,13,136,15,,F,,DEADMAN ,,,66104822,
,,13,138,18,,F,2,,,,66104822,
,B,15,128,27,4,F,,,JC,TL,66104822,
,,15,138,24,2,B,,FLIPS,,,66104822,
,B,15,128,36,-2,F,,,,,66104822,
,,15,138,24,,F,,,,,66104822,
,B,16,128,36,-4,F,,,,,66104822,
8/22/2025,F,,145,21,2,F,3,,JC,EB,66104822,
,B,11,164,11,D0,F,0,,,,66104822,
,,11,140,19,1,F,2,,,,66104822,
,,11,133,23,-2,F,0,,,,66104822,
,B,11,166,6,3,F,0,,,,66104822,
,,11,160,6,4,F,0,,,,66104822,
,,11,152,9,4,F,0,,,,66104822,
,,11,144,12,,F,,,,,66104822,
,,11,136,18,4,F,0,,,,66104822,
,,12,177,4,2,F,0,FLOPS,,,66104822,
,,12,165,8,-2,F,0,DEADMAN,,,66104822,
,B,13,140,25,-4,F,0,,TL,MAS,66104822,
,,,139,20,-1,F,0,,,,66104822,
,,,137,22,-5,F,0,,,,66104822,
,,,129,12,,F,,,,,66104822,
,,,120,28,1,F,1,,,,66104822,
,,13,160,6,,F,,,TL,MAS,66104822,
,,,152,14,D0,F,0,,,,66104822,
,,,130,18,,F,,,,,66104822,
,,,134,12,,F,,,,,66104822,
,,,125,18,,F,,,,,66104822,
,B,,142,23,-2,F,0,,,,66104822,
,,,131,12,,F,,,,,66104822,
,,15,130,29,-1,F,1,,,,66104822,
,,,130,24,2,B,0,,,,66104822,
,B,16,153,19,-3,F,0,,TL,EB,66104822,
,,16,147,12,,F,,,,,66104822,
,,16,126,21,,F,,,,,66104822,
,,16,157,13,W0,F,2,,,,66104822,
,,16,150,16,-1,F,2,,,,66104822,
,,16,149,16,-3,F,0,,,,66104822,
,,16,146,12,,F,,,,,66104822,
,B,17,161,6,,F,,,,,66104822,
,,17,148,15,2,F,1,,,,66104822,
,,17,131,27,-2,F,0,,,,66104822,
,B,18,164,11,1,F,3,,TL,EB,66104822,
,,18,144,12,,F,,,,,66104822,
,,18,149,21,1,B,1,,,,66104822,
,,18,163,9,2,F,4,,,,66104822,
8/23/2025,F,9,173,12,-1,F,2,,TL,EB,66104822,
,,9,160,6,1,F,0,,,,66104822,
,,9,137,22,W0,F,2,,,,66104822,
,B,10,151,19,-2,F,0,,,,66104822,
,,10,142,20,-3,F,0,,,,66104822,
,,10,143,12,,F,,,,,66104822,
,,10,141,18,D0,F,0,,,,66104822,
,B,10,169,6,1,B,0,,,,66104822,
,,10,110,18,,F,,,,,66104822,
,,10,115,16,-5,F,0,,,,66104822,
,,10,143,18,-2,F,0,,,,66104822,
,,11,135,23,-2,F,0,,,,66104822,
,,11,123,29,-5,F,0,,TL,ZG,66104822,
,B,11,168,10,-1,F,0,,,,66104822,
,,,128,25,W0,F,1,,,,66104822,
,,11,165,6,,F,,,,,66104822,
,,11,162,9,W0,F,0,,,,66104822,
,,,130,15,,F,,,,,66104822,
,B,12,153,16,-2,F,0,,,,66104822,
,,12,152,13,D0,F,0,,,,66104822,
,,12,149,9,,F,,,,,66104822,
,,12,142,12,,F,,,,,66104822,
,,12,138,12,,F,,,,,66104822,
,,,133,24,-3,F,0,,,,66104822,
,,,171,7,-3,B,0,,,,66104822,
,,,166,8,-1,F,0,,,,66104822,
,,13,155,13,D0,F,4,,ZG,MAS,66104822,
,,,132,24,-2,F,2,,,,66104822,
,B,14,151,18,-3,F,1,,ZS,MAS,66104822,
,B,14,166,12,-3,F,2,,,,66104822,
,B,15,142,12,,F,,,,,66104822,
,,15,140,6,,B,,,ZS,EB,66104822,
,,15,115,18,,F,,,,,66104822,
,B,16,160,12,1,F,5,,,,66104822,
,,16,161,9,1,F,1,,,,66104822,
,,16,155,13,-1,F,0,,ZS,EB,66104822,
,,16,154,12,1,F,0,,ZS,NB,66104822,
,,16,152,15,1,F,4,,,,66104822,
,,16,132,21,3,F,1,,,,66104822,
,,16,162,11,W0,F,0,,,,66104822,
,,16,151,22,-3,B,1,BACKFLIPS,,,66104822,
,,16,128,31,-1,F,1,FRONTFLIPS,,,66104822,
,,16,149,6,,F,,,,,66104822,
,B,18,153,17,D0,F,2,,,,66104822,
,,18,152,16,-2,F,3,,,,66104822,
,,18,145,12,4,F,0,,,,66104822,
,,18,144,18,-3,F,3,,,,66104822,
,,18,137,18,,F,,,,,66104822,
,,18,136,23,-2,F,2,CHARLIE,,,66104822,
,,19,163,10,-4,F,0,,,,66104822,
,,19,119,36,W0,F,0,,,,66104822,
8/24/2025,F,9,158,,,F,,,ZS,RD,66104822,
,B,9,121,30,1,F,1,,,,66104822,
,B,10,145,19,2,F,0,,,,66104822,
,B,11,125,24,,F,,,ZS,JA,66104822,
,,11,166,8,1,F,0,,,,66104822,
,,,147,18,-1,F,1,,,,66104822,
,,,145,28,-2,F,0,SMALLFLOP,,,66104822,
,,,120,36,-2,F,0,,,,66104822,
,B,12,126,27,3,F,,,,,66104822,
,,12,162,5,2,F,1,,ZS,RD,66104822,
,,12,155,6,,F,,,,,66104822,
,,12,147,19,-5,F,2,,,,66104822,
,,12,147,6,,F,,,,,66104822,
,B,13,166,10,W0,F,0,,ZG,NB,66104822,
,,13,133,24,D0,F,0,FLOP,,,66104822,
,,13,120,12,,F,,,,,66104822,
,B,14,158,13,D0,F,2,,,,66104822,
,,14,150,16,-2,F,1,,,,66104822,
,,14,144,18,D0,F,1,,,,66104822,
,,14,121,36,-3,F,0,,,,66104822,
,B,15,162,12,1,F,1,,,,66104822,
,,15,157,18,-6,F,2,,,,66104822,
,,15,141,19,1,F,0,,,,66104822,
,,15,138,21,,F,0,,ZC,NB,66104822,
,,15,134,23,,F,1,,,,66104822,
,B,16,133,12,,F,,,,,66104822,
,,16,135,24,,F,0,,,,66104822,
,B,17,167,12,-4,F,,,ZG,MAS,66104822,
,,17,166,7,-1,F,0,,,,66104822,
,,17,124,24,3,F,0,,,,66104822,
,,,150,16,-4,F,1,,,,66104822,
,B,,160,12,1,F,0,,,,66104822,
,,,134,18,1,F,0,,,,66104822,
,,,133,18,,F,0,MBS,,,66104822,
8/25/2025,F,13,159,14,1,F,1,,ZG,NB,66104822,12
,,13,143,18,1,F,0,,,,66104822,
,,13,164,13,-2,F,0,,,,66104822,
,B,13,164,6,2,F,0,,,,66104822,
,,13,148,6,,F,,,,,66104822,
,,13,128,23,2,F,1,,,,66104822,
,,14,119,21,,F,,,,,66104822,
,,14,121,7,5,F,0,,,,66104822,
,B,14,163,,,F,,,,,66104822,
,,15,148,,,F,,,,,66104822,
,B,,148,17,D0,F,0,,TL,JC,66104822,
,B,,157,15,-1,F,0,,,,66104822,
,,,155,6,6,F,0,,,,66104822,
,,,142,6,,F,,,,,66104822,
,,,146,6,,F,,,,,66104822,
,,,148,6,2,F,,,,,66104822,
8/26/2025,F,14,150,18,2,F,0,,MAS,ZG,66104822,
,B,,135,12,2,F,,,,,66104822,
,,,116,18,,F,,,,,66104822,
,B,16,139,12,,F,,,,,66104822,
,,,136,18,1,F,0,,,,66104822,
8/27/2025,F,12,168,13,-2,F,2,,JL,MAS,66104822,
,,13,168,9,-2,F,2,,,,66104822,
,,13,157,6,4,F,0,,,,66104822,
,,13,156,8,5,B,2,,,,66104822,
,,13,121,29,-3,F,0,,,,66104822,
,,13,152,8,,F,,,,,66104822,
,B,14,156,6,4,F,0,,,,66104822,
,,14,154,10,1,,1,,,,66104822,
,,14,154,12,1,,3,,,,66104822,
,,14,143,16,D0,AF,0,,JL,MAS,66104822,
,,14,137,20,2,AF,1,,,,66104822,
,B ,15,158,6,3,AF,1,,,,66104822,
,,15,144,17,-2,AF,,,,,66104822,
,B,15,145,6,,AF,,,JL,NB,66104822,
,,16,129,12,,AF,,,,,66104822,
8/28/2025,F,14,147,6,,BF,,,,,66104822,
,,14,140,6,,BF,,,,,66104822,
,B,16,126,30,2,AF,3,,,,66104822,
,,16,159,10,1,AF,1,,,,66104822,
,B,17,159,6,,AF,,,,,66104822,
8/29/2025,F,13,159,13,-2,AF,0,,,,66104822,
,,13,160,6,,AF,,,,,66104822,
,,13,136,20,2,AF,0,,,,66104822,
,,14,129,25,-1,AF,0,,,,66104822,
,B,15,149,14,2,AF,0,,,,66104822,
,,15,144,6,,AF,,,,,66104822,
,,15,137,21,2,AF,1,,,,66104822,
,B,15,147,6,,AF,6,,MAS,ZG,66104822,
,,17,139,23,-5,AF,0,STRAIGHTDOWN,,,66104822,
,,17,106,36,-1,AF,0,STRAIGHTDOWN,,,66104822,
,,17,160,10,,AF,,,,,66104822,
8/30/2025,F,9,168,6,3,AF,0,,,,66104822,
,,9,163,5,1,AF,0,,,,66104822,
,,9,163,6,1,AF,0,,,,66104822,
,,9,126,12,,AF,,,,,66104822,
,B,10,155,13,2,AF,0,,,,66104822,
,,10,144,9,,AF,,,,,66104822,
,,10,126,12,,AF,,,,,66104822,
,,10,126,12,,AF,,,MS,RD,66104822,
,B,12,158,9,,AF,,,,,66104822,
,,12,139,19,D0,AF,0,,,,66104822,
,,12,121,27,1,AF,0,,,,66104822,
,,12,138,20,D0,AF,0,,,,66104822,
,B,14,151,16,2,AB,,,JC,MS,66104822,
,,14,148,14,W0,AF,,,,,66104822,
,,14,137,12,,AF,,,,,66104822,
,,14,134,22,2,AF,1,,,,66104822,
,,14,132,12,,AF,,,,,66104822,
,B,15,138,24,-2,AF,0,,,,66104822,
,,15,136,12,,AF,,,,,66104822,
,,15,122,28,1,AF,1,,,,66104822,
,,15,116,33,-2,AF,0,,,,66104822,
,,15,162,6,,AF,,,,,66104822,
,,15,149,6,,AF,,,,,66104822,
,,15,137,6,,AF,,,,,66104822,
,,15,132,6,,AF,,,,,66104822,
,B,16,137,22,D0,AF,0,,,,66104822,
,,16,153,6,,AF,,,,,66104822,
,,16,153,6,,AF,,,,,66104822,
,,16,134,6,,AF,,,,,66104822,
,,17,149,6,,AB,,,,,66104822,
,,17,137,19,D0,AB,0,DEADMAN,,,66104822,
,B,17,162,6,,AF,,,,,66104822,
,,17,161,6,,AF,,,,,66104822,
,,17,136,21,-2,AF,0,,,,66104822,
,,17,134,12,,AF,,,,,66104822,
,,17,123,12,,AF,,,,,66104822,
,,17,164,5,,AF,,,,,66104822,
,,17,162,5,,AF,,,,,66104822,
,,17,158,11,-2,AF,1,,,,66104822,
,,17,146,15,D0,AF,0,,,,66104822,
,,17,138,12,,AF,,,,,66104822,
,B,19,138,30,,BF,,,JC,ZG,66104822,
8/31/2025,F,9,156,6,,AF,,,ZS,MS,66104822,
,,9,151,13,-3,AB,0,,,,66104822,
,,9,148,6,,AF,,,,,66104822,
,B,10,153,19,-1,BF,0,,,,66104822,
,,10,153,10,D0,AF,0,,,,66104822,
,,10,114,34,-2,AF,2,,,,66104822,
,,11,168,7,-1,AF,1,,,,66104822,
,,11,165,8,D0,AF,0,DEADMAN,,,66104822,
,,11,163,10,-1,AF,3,,,,66104822,
,,11,140,9,,AF,,,,,66104822,
,,11,139,22,-2,AF,0,,,,66104822,
,,11,125,25,D0,AF,0,,,,66104822,
,B,12,154,15,-3,AF,0,,,,66104822,
,B,12,153,6,,AF,,,,,66104822,
,,12,134,12,,AF,,,,,66104822,
,B,13,150,6,,AF,,,ZG,MS,66104822,
,,13,156,6,2,AF,0,,,,66104822,
,,13,127,31,-2,BB,0,DEADMAN,,,66104822,
,,13,115,12,,AF,,DEADMAN,,,66104822,
,,13,150,13,2,AF,0,,,,66104822,
,,13,147,9,,BF,,,,,66104822,
,,13,137,22,-3,AF,0,FLOP,,,66104822,
,,13,137,22,-1,AF,0,FLOP,,,66104822,
,,13,127,24,D0,AB,0,DEADMAN,,,66104822,
,,14,129,24,D0,AF,0,,,,66104822,
,,14,124,27,W0,AF,1,,,,66104822,
,B,15,165,12,-2,AB,0,,,,66104822,
,B/2,15,144,20,-4,AF,0,FLOP,,,66104822,
,,15,129,27,-4,AF,0,STRAIGHTDOWN,,,66104822,
,B ,15,126,12,,AF,,,,,66104822,
,,15,159,11,1,AF,3,,,,66104822,
,,15,150,6,,BF,,,,,66104822,
,,15,150,6,,BF,,,,,66104822,
,,15,150,13,1,AB,0,DEADMAN,,,66104822,
,,15,141,6,,AF,,,,,66104822,
,,15,140,17,2,AF,1,,,,66104822,
,,15,130,23,D0,AF,0,,,,66104822,
,,15,107,12,,AF,,,,,66104822,
,B,17,157,6,,AF,,,,,66104822,
,,17,153,6,,BF,,,,,66104822,
,,17,140,22,-5,AF,0,,,,66104822,
,,17,143,18,1,AF,1,FLOP,,,66104822,
,,17,118,30,-3,AF,0,,,,66104822,
,B,19,149,20,-3,AF,0,STRAIGHTDOWN,,,66104822,
,,19,147,12,3,AF,0,,,,66104822,
9/1/2025,B,18,151,17,-1,AF,0,,ZG,MAS,66104822,71
,,18,151,16,-3,AF,0,,,,66104822,
,,18,145,18,-1,AF,0,,,,66104822,
,,18,117,31,-1,AB,0,DEADMAN,,,66104822,
9/2/2025,F,14,154,18,2,AF,1,FLOP,,,66104822,
,B,15,150,18,-1,AF,0,,,,66104822,
,,15,138,22,-1,AF,2,CHARLIE FLOP,,,66104822,
9/4/2025,F,15,151,17,D0,AF,1,W3,,,66104822,
,,15,130,25,1,AF,2,,,,66104822,
9/5/2025,F,15,164,6,,AF,0,,,,66104822,
,,15,155,14,-5,AF,0,STRAIGHTDOWN,,,66104822,
,,15,153,6,,AF,,,,,66104822,
,,15,147,6,,AF,,,,,66104822,
,,15,133,23,D0,AF,0,W2,,,66104822,
,,15,132,12,,AF,,,,,66104822,
,,15,121,32,1,AF,0,,,,66104822,
9/6/2025,F,9,162,14,-1,AF,0,,MS,RD,66104822,
,B,9,167,12,-4,AF,0,,,,66104822,
,,9,162,6,,BF,,,,,66104822,
,B,10,148,17,-3,AF,0,,MS,TL,66104822,
,,10,143,6,,AF,,,,,66104822,
,,10,141,6,,BF,,,,,66104822,
,,10,137,12,,BF,,,,,66104822,
,B,11,162,12,-3,AF,0,,,,66104822,
,,11,159,9,1,AF,1,,,,66104822,
,,11,127,28,-5,AF,1,,,,66104822,
,B,11,162,12,-3,AF,0,,,,66104822,
,,11,128,25,-1,AF,0,,,,66104822,
,,11,121,27,-2,AB,0,,,,66104822,
,B,12,138,27,-1,BF,0,,TL,RD,66104822,
,B,12,155,14,-2,AF,1,,,,66104822,
,,12,140,12,,AF,,,,,66104822,
,,13,133,12,,AF,,,,,66104822,
,,13,118,12,,AF,,,,,66104822,
,,13,174,5,-3,AF,0,,,,66104822,
,,13,160,8,D0,AF,0,,,,66104822,
,,13,147,14,D0,AF,3,,,,66104822,
,,13,134,9,,AF,,,,,66104822,
,B,14,151,6,,AF,,,,,66104822,
,,14,132,12,3,AF,0,,,,66104822,
,B/2,14,168,7,-2,AF,0,,,,66104822,
,,14,125,26,-3,AF,0,,,,66104822,
,,14,118,27,2,AF,0,FLOP SPINS,,,66104822,
,B ,15,165,11,-3,AB,0,,ZG,NB,66104822,
,,15,152,6,,AF,,,,,66104822,
,,15,155,6,,AF,,,,,66104822,
,,15,122,26,2,AF,2,,,,66104822,
,B,15,166,11,-5,AF,3,,,,66104822,
,,15,160,6,,BF,,,,,66104822,
,,15,163,4,,AF,1,,,,66104822,
,,15,113,12,,AF,,,,,66104822,
,,15,135,23,-5,AF,1,STRAIGHTDOWN,,,66104822,
,B,15,113,12,,AF,,,ZG,MAS,66104822,
9/7/2025,F,10,161,6,,AF,,,,,66104822,
,,10,154,12,4,BF,,,,,66104822,
,,11,158,6,,AF,,,MS,RD,66104822,
,,11,130,6,,AF,,,,,66104822,
,,11,122,6,,AF,,,,,66104822,
,B,11,126,6,,AF,,,,,66104822,
,,12,104,12,,AF,,,,,66104822,
,B,12,154,6,,AF,,,,,66104822,
,B,13,130,27,1,AF,0,,,,66104822,
,,13,150,6,,BF,,BACKFLIP,,,66104822,
,B,14,127,6,,BF,,,,,66104822,
,,14,127,6,,AF,,,,,66104822,
,B,14,141,6,,BF,,,,,66104822,
,,14,134,6,,BF,,,,,66104822,161
9/8/2025,N,15,147,11,8,AF,0,,,,66454822,0
,,15,145,8,6,AF,0,,,,66454822,
,B,16,170,6,4,AF,0,,,,66454822,
,B,16,128,27,4,AF,0,,,,66454822,
,,16,125,28,2,AF,1,,,,66454822,
9/9/2025,F,9,156,14,7,AF,0,,ZG,MAS,66454822,
9/11/2025,F,15,157,18,4,AF,2,,ZG,RD,66454822,
,,15,135,6,,AF,,,,,66454822,
,B,15,172,6,,AF,,,,,66454822,
,,16,165,17,-1,AF,2,,,,66454822,
,,16,160,9,3,AF,0,DEADMAN,,,66454822,
,B,16,175,6,4,AF,0,,,,66454822,
,,16,165,19,-5,AF,2,,,,66454822,
,B,17,160,26,-1,BF,2,FRONTFLIPS,,,66454822,
,,17,149,20,1,AF,0,,,,66454822,
,,17,145,24,-4,AF,0,,,,66454822,
,,17,111,18,,BF,,,,,66454822,
9/12/2025,F,14,134,31,W0,AF,0,DEADMAN,,,66454822,
,,14,120,12,,AF,,,,,66454822,
,B,15,139,12,,BF,,,,,66454822,
,,15,151,9,,AF,,,,,66454822,
,,15,136,25,2,AF,0,,,,66454822,
,,15,123,12,,AF,,,,,66454822,
,B,15,144,12,,AF,,,,,66454822,
,B,15,164,6,,AF,,,,,66454822,
,,15,144,6,,AF,,,,,66454822,
,,15,157,6,,AF,,,,,66454822,
,,15,162,6,,AF,,,,,66454822,
,,15,143,6,,AF,,,,,66454822,
,B,15,177,15,-5,AF,0,,,,66454822,
,,15,155,6,,AF,,,,,66454822,
,B/2,16,136,27,2,AF,0,,,,66454822,
,,16,140,6,,AF,,,,,66454822,
9/13/2025,F,10,137,9,,AF,,,,,66454822,
,,10,130,9,,AF,,,,,66454822,
,,10,119,21,,AF,,,,,66454822,
,,10,161,17,D0,AB,1,,,,66454822,
,,11,169,16,-5,AF,0,,,,66454822,
,,11,140,24,D0,AF,0,,,,66454822,
,,11,113,18,,AF,,,,,66454822,
,B ,13,163,6,,AF,,,MS,ZG,66454822,
,,13,134,26,-1,AF,0,,,,66454822,
,,13,153,22,-3,AF,0,,,,66454822,
,,13,144,24,-4,AF,0,,,,66454822,
,,13,140,24,-3,AF,0,STRAIGHTDOWN,,,66454822,
,B,13,174,12,1,AF,0,,,,66454822,
,,13,164,16,-2,AF,2,FLOP,,,66454822,
,,13,154,12,6,AF,2,,,,66454822,
,,13,135,25,-1,AF,0,,,,66454822,
,B,14,166,6,,AF,,,,,66454822,
,,14,131,27,2,AF,1,SPINS,,,66454822,
,,14,123,12,,AF,,,ZS,NB,66454822,
,B,14,130,12,,AF,,,,,66454822,
9/14/2025,F,10,151,6,,AF,,,ZG,RD,66454822,
,,10,114,12,,AF,,,,,66454822,
,B,11,156,21,W0,AF,1,MBS,,,66454822,
,,11,132,30,-4,AF,0,,,,66454822,
,,11,120,12,,AF,,,,,66454822,
,,11,145,22,1,AF,1,SPINS FLOP,,,66454822,
,B,12,146,26,-2,AF,0,,,,66454822,
,B/2,12,151,24,-3,AF,0,,,,66454822,
,B,15,162,19,1,AF,0,BIGFLOP,ZG,MAS,66454822,
,,15,162,16,-2,AF,0,,,,66454822,
,,15,156,18,1,AF,1,BIGFLOP,,,66454822,
,,15,131,18,,BF,,,,,66454822,
,,15,131,28,-2,AF,3,,,,66454822,
,,15,119,18,,AB,,,,,66454822,
,,15,155,18,-1,AF,0,FLOP,,,66454822,
,,15,153,19,-1,AF,0,,,,66454822,
,,15,147,21,-1,AF,0,,,,66454822,
,,16,140,23,1,AF,0,MBS SPINS,,,66454822,
,,16,134,25,2,AF,0,MBS,,,66454822,
,,16,114,12,,BF,,,,,66454822,
9/15/2025,F,9,155,22,-2,AF,0,,,,66454822,
,,9,152,20,-4,AF,0,STRAIGHTDOWN,,,66454822,
,,9,115,18,,AF,0,,,,66454822,
,B,10,172,11,-1,AF,2,,,,66454822,
,B,15,165,6,,AF,,,,,66454822,
,B,15,156,21,-4,AF,0,,ZG,NB,66454822,
,,15,127,12,,AF,,,,,66454822,
,,15,160,12,,BF,,,,,66454822,
9/17/2025,F,14,164,23,-5,AF,2,,,,66454822,
9/19/2025,F,14,141,6,,AF,,,ZG,NB,66454822,
,B,14,138,27,4,AF,0,W3,,,66454822,
,,14,174,13,-5,AF,0,STRAIGHTDOWN,,,66454822,
,,14,139,6,,AF,,,,,66454822,
,B,15,137,6,,AF,,,,,66454822,
,,15,161,6,,AF,,,,,66454822,
9/20/2025,F,10,177,14,2,AF,1,,,,66454822,
,,10,158,18,-1,AF,2,,,,66454822,
,,10,152,6,,AF,,,,,66454822,
,,10,153,20,-1,AF,1,,,,66454822,
,,10,136,12,,AF,,,,,66454822,
,,10,134,12,,AF,,,,,66454822,
,,10,174,6,,AF,,,,,66454822,
,,10,153,6,,AF,,,,,66454822,
,,10,139,24,2,AF,0,,,,66454822,
,,10,131,26,2,AF,0,FLOPSPINS,,,66454822,
