Date,Brk,Hour,Weight,Anchor Offset,Water Height,Harness,Horizontal Distance,Additional Factors,JM,JA,Cord Serial Number
9/30/2024,F,14,230,17,4,AF,0,,MS,ZS,6556 4834
,B/2,14,213,6,,AF,,,,,6556 4834
,B,14,259,6,3,AF,1,,,,6556 4834
10/4/2024,F,17,236,6,,AF,,,ZG,ZS,6556 4834
10/5/2024,F,11,223,12,,AF,,,,,6556 4834
,,11,219,24,-3,AF,0,,,,6556 4834
,,11,207,29,-5,AF,4,,,,6556 4834
,B,12,250,12,1,AF,4,,,,6556 4834
,,12,237,6,,AF,,,,,6556 4834
,,12,233,6,,AF,,,,,6556 4834
,,12,211,18,3,AF,3,,,,6556 4834
,,12,211,12,4,AF,,,,,6556 4834
,B,13,239,17,D0,AF,2,,OAB,MS,6556 4834
,,13,222,6,,AF,,,,,6556 4834
,B,15,242,16,-2,AF,0,,OAB,CD,6556 4834
10/6/2024,F,11,254,5,4,AF,0,,ZS,ZG,6556 4834
,B,12,222,6,,AF,,,ZS,CD,6556 4834
,,12,218,18,1,AF,3,PUSHDOWN,,,6556 4834
10/7/2024,B,15,212,6,,AF,,W1,ZS,ZG,6556 4834
,,15,220,18,1,AF,0,W2,,,6556 4834
,B,15,212,18,7,AF,,,,,6556 4834
10/10/2024,F,15,230,6,,AF,,,,,6556 4834
,B,16,224,25,-4,AF,1,,,,6556 4834
,,16,220,6,,AF,,,,,6556 4834
10/12/2024,F,7,246,6,7,AF,1,,MS,CD,6556 4834
,B,9,223,6,,AF,,,,,6556 4834
,B,10,227,20,-1,AF,0,,CD,MS,6556 4834
,B,13,231,18,D0,AF,0,,,,6556 4834
,,13,215,12,,BF,,,ZS,ZG,6556 4834
,B,15,226,6,,AF,,,,,6556 4834
,,15,229,18,-2,AF,0,,,,6556 4834
,,15,206,18,,AF,,,,,6556 4834
,B,17,229,23,-5,AF,2,,,,6556 4834
,,17,228,16,,AF,,,,,6556 4834
10/13/2024,F,8,258,11,4,AF,0,,ZS,OAB,6556 4834
,B,10,218,12,,AF,,,,,6556 4834
,B,12,226,6,,AF,,,,,6556 4834
,B,12,226,20,-3,AF,0,,MS,ZS,6556 4834
,B,13,240,13,1,AF,0,,,,6556 4834
,B,14,235,17,D0,AF,0,,,,6556 4834
,B,16,226,20,,AF,,,,,6556 4834
10/14/2024,F,12,216,24,-2,AF,0,,ZG,ZS,6556 4834
,,12,213,12,,AF,,,,,6556 4834
,B,16,234,16,D0,AF,0,,,,6556 4834
10/19/2024,F,11,253,13,2,AF,3,,,,6556 4834
,,11,235,13,2,AF,3,,,,6556 4834
,,11,228,9,,AF,,,,,6556 4834
,,13,231,6,,AF,,,CD,MS,6556 4834
10/20/2024,F,10,239,6,,AF,,,,,6556 4834
,,10,226,6,,AF,,,,,6556 4834
,B,12,235,17,-1,AF,0,,,,6556 4834
,B/2,12,215,23,2,AF,1,,ZG,ZS,6556 4834
,B,12,254,6,,AF,,,OAB,ZS,6556 4834
,,12,218,12,,AF,,,,,6556 4834
,B,17,228,9,,AF,,,,,6556 4834
,,17,209,12,,AF,,,,,6556 4834
10/24/2024,F,17,237,12,,AF,,,ZS,ZG,6556 4834
10/25/2024,F,14,246,16,D0,AF,,,ZG,ZS,6556 4834
,,14,247,13,1,AF,2,,,,6556 4834
10/26/2024,F,11,250,16,2,AF,3,,ZS,ZG,6556 4834
,,11,241,16,-2,AF,0,,,,6556 4834
,,11,230,12,,AF,,,,,6556 4834
,B,12,243,19,-3,AF,4,,,,6556 4834
,,12,230,12,,AF,,,,,6556 4834
,B,13,229,21,-3,AF,2,,,,6556 4834
,,13,215,6,,AF,,,,,6556 4834
,B,14,250,6,4,AF,3,,CD,MS,6556 4834
,,14,219,12,,AF,,,CD,MS,6556 4834
,B,15,220,6,,AF,,,,,6556 4834
10/27/2024,F,11,235,19,0,AF,0,,CD,ZS,6556 4834
,B,12,236,19,-4,AF,1,,ZS,CD,6556 4834
,,12,211,6,,AF,,,,,6556 4834
11/1/2024,F,16,238,6,,BF,,MANUAL,ZS,CD,6556 4834
11/2/2024,F,10,247,17,D0,AF,1,,ZS,MAS,6556 4834
,,10,241,16,D0,AF,1,,,,6556 4834
,,11,228,20,-1,AF,0,BIGFLOP,,,6556 4834
,B,11,254,17,-4,AF,2,,,,6556 4834
,B,14,223,6,,AF,,,,,6556 4834
,B,14,239,6,,AF,,,,,6556 4834
,B,15,240,6,,AF,,,MS,CD,6556 4834
11/3/2024,F,14,265,5,,AF,,,CD,ZG,6556 4834
,,14,256,6,,AF,,,,,6556 4834
,B/2,14,245,5,,BF,,,,,6556 4834
,,14,216,21,-1,AF,1,,,,6556 4834
,B,14,226,18,5,BF,,GAINER ,CD,ZG,6556 4834
,B ,14,263,5,4,AF,0,STRAIGHTDOWN,,,6556 4834
,,15,235,6,,BF,,,,,6556 4834
,B,16,216,12,,BF,,,,,6556 4834
,,16,250,6,,BF,,,,,6556 4834
,,16,217,6,,AF,,,,,6556 4834
5/3/2025,F,9,240,6,,AF,,,ZG,ZS,6556 4834
,B,11,223,6,,AF,,,ZS,MS,6556 4834
,,11,235,17,D0,AF,4,,,,6556 4834
,B,17,232,21,-1,AF,2,,ZS,ZG,6556 4834
,,17,220,12,,AF,,,,,6556 4834
,B,17,229,22,-4,AF,1,,,,6556 4834
,,17,237,19,-3,AF,4,,,,6556 4834
,B,17,227,22,-2,AB,3,,,,6556 4834
5/4/2025,F,11,224,12,,AF,,,MS,ZG,6556 4834
,B,14,254,6,,AF,,,,,6556 4834
,B,18,239,19,-2,AF,2,,MS,CD,6556 4834
5/5/2025,F,17,255,15,-3,AF,0,SMALLFLOP,ZG,CD,6556 4834
5/9/2025,F,15,234,6,,BF,,,CD,MS,6556 4834
,B,15,238,18,-3,AB,0,,,,6556 4834
,B,17,232,6,,AF,,,,,6556 4834
5/10/2025,F,10,214,6,,AF,,,MS,MAS,6556 4834
,B,11,252,15,-4,AF,2,,,,6556 4834
,,11,248,14,-3,AF,0,,,,6556 4834
,,11,249,15,-5,AF,1,CHARLIE,,,6556 4834
,,11,215,12,,AF,,,,,6556 4834
,,11,212,12,,AF,,,,,6556 4834
,B,16,247,17,-4,AF,1,PUSHDOWN,,,6556 4834
,,16,230,18,3,AF,2,W2,,,6556 4834
,B,16,227,21,-3,AF,0,W2,MS,ZG,6556 4834
,B,18,227,21,-2,AB,0,W2,,,6556 4834
5/11/2025,F,11,252,16,W0,AF,0,,ZG,MS,6556 4834
,,11,250,6,,AF,,,,,6556 4834
,B/2,11,218,6,,AF,,,,,6556 4834
,B,12,223,12,,BB,,,,,6556 4834
,,12,237,6,,BF,,,,,6556 4834
,B,17,269,8,1,AF,0,,,,6556 4834
,,17,248,6,,AF,,,,,6556 4834
,,17,225,18,-3,AF,0,,,,6556 4834
5/18/2025,,9,221,18,1,AF,2,FLOP,JL,JC,6556 4834
,B,12,230,20,-3,AF,0,,JL,ZG,6556 4834
,,12,223,20,-4,AF,0,,,,6556 4834
,B,14,241,17,W0,AF,2,,,,6556 4834
,,14,232,6,,AF,,,,,6556 4834
,,14,228,16,W0,AF,2,,,,6556 4834
,,14,224,18,W0,AB,3,,,,6556 4834
,B,17,243,17,-3,AF,0,,,,6556 4834
,,17,234,15,D0,AF,0,,,,6556 4834
,,17,222,19,W0,AB,4,,,,6556 4834
,,18,231,17,-4,AB,0,,,,6556 4834
,B,19,221,6,,AF,,,,,6556 4834
5/19/2025,F,12,224,23,-4,AF,0,STRAIGHTDOWN,ZG,MAS,6556 4834
,,12,216,6,,AF,,,,,6556 4834
,B,12,240,18,-3,AF,0,,,,6556 4834
,B,15,236,16,W0,AF,2,,,,6556 4834
,B,16,242,15,-3,AB,0,DEADMAN,,,6556 4834
,,16,221,19,-2,AF,1,,,,6556 4834
,B,18,226,29,1,AF,1,,,,6556 4834
5/22/2025,F,14,245,6,,AF,,,CD,MAS,6556 4834
,,14,235,6,,AF,,,,,6556 4834
,B,16,220,6,,AF,,,,,6556 4834
,B,16,268,8,-1,AF,,,,,6556 4834
5/23/2025,F,16,262,6,,BF,,,CD,MAS,6556 4834
,B,16,252,8,D0,AF,0,,,,6556 4834
5/24/2025,F,9,278,5,1,AF,3,,CD,JK,6556 4834
,,10,217,21,-1,AF,3,,,,6556 4834
,B,10,255,12,-2,AF,4,,,,6556 4834
,,10,211,6,,AF,,,,,6556 4834
,B,12,237,6,,AF,,,,,6556 4834
,B,14,229,20,-4,AF,0,,,,6556 4834
,B,15,229,19,-4,AF,0,,,,6556 4834
,B,15,242,15,2,AF,4,,,,6556 4834
5/25/2025,F,12,226,23,-5,AF,1,,CD,ZS,6556 4834
,B,12,257,12,-4,AF,3,,,,6556 4834
,,12,216,12,,AF,,,,,6556 4834
,B,14,260,8,1,AF,1,,CD,MAS,6556 4834
,B,16,232,21,-4,AF,4,,,,6556 4834
5/27/2025,B,15,242,16,-3,AF,,,ZG,OAB,6556 4834
5/31/2025,F,11,223,24,3,AF,0,,MS,ZS,6556 4834
,,11,211,12,,AF,,,,,6556 4834
,B,11,215,32,-4,BF,0,,,,6556 4834
,B,11,235,16,1,AF,0,,ZG,MAS,6556 4834
,B,14,218,6,,AF,,,,,6556 4834
,B,15,218,6,,BF,,,,,6556 4834
,B,15,216,6,,AF,,,,,6556 4834
,B,15,260,8,2,AF,3,,,,6556 4834
,,16,232,6,,AF,,,,,6556 4834
,,16,220,6,,AF,,,,,6556 4834
,B,16,220,21,W0,AF,2,,,,6556 4834
,B,18,267,6,3,AF,0,,,,6556 4834
,,18,237,17,-2,AF,3,,,,6556 4834
,,18,225,16,2,AF,3,,,,6556 4834
6/1/2025,F,11,227,6,,AF,,,ZS,MAS,6556 4834
,B,14,228,20,,AF,,,,,6556 4834
,B,15,252,6,4,AF,0,,,,6556 4834
,,15,242,6,3,AF,0,,,,6556 4834
,B,16,210,6,,AF,,,,,6556 4834
,,16,226,6,,BF,,,,,6556 4834
6/2/2025,F,15,251,13,-2,AF,0,,ZG,NB,6556 4834
,,16,240,6,,AF,,,,,6556 4834
,B,17,219,21,-1,AF,0,,,,6556 4834
,B,17,219,21,-1,AF,0,,,,6556 4834
6/4/2025,F,11,213,18,,BF,,,ZG,TL,6556 4834
,B,11,216,12,,AF,,,,,6556 4834
,B,12,213,24,5,BF,,RUNNING,,,6556 4834
6/5/2025,F,15,234,18,1,AF,0,,TL,JA,6556 4834
6/6/2025,F,10,221,22,1,AF,,SMALLFLOP,ZG,JA,6556 4834
6/7/2025,F,10,221,22,2,AF,0,,ZG,MAS,6556 4834
,B,11,222,22,-1,AF,0,,,,6556 4834
6/8/2025,F,12,232,20,,AF,,,,,6556 4834
,B,17,242,16,D0,AF,0,,ZS,MS,6556 4834
,,17,235,17,-1,AF,0,,,,6556 4834
,B/2,17,235,19,-4,AF,,,,,6556 4834
6/11/2025,F,13,213,21,,BB,,BACKFLIPS,TL,JA,6556 4834
,,11,225,21,-4,AF,0,,MS,ZG,6556 4834
,,11,214,24,,AF,,,,,6556 4834
,B,12,242,,-5,AF,0,,,,6556 4834
,B,15,220,6,,AF,,,ZS,MAS,6556 4834
,B,16,230,22,-2,AF,0,FLOP,,,6556 4834
,,16,218,22,-4,AB,0,DEADMAN,,,6556 4834
6/16/2025,F,17,247,16,-2,AF,1,,TL,OAB,6556 4834
,,17,240,17,D0,BF,0,FALL,,,6556 4834
,,17,236,15,-2,AF,0,,,,6556 4834
,B,18,246,16,-5,AF,1,,,,6556 4834
6/18/2025,F,14,220,12,,AF,,,ZG,MAS,6556 4834
,,14,225,19,2,AF,2,,,,6556 4834
,B,14,209,26,1,AF,2,,,,6556 4834
,,14,219,6,,AF,,,,,6556 4834
6/19/2025,F,16,250,16,W0,AF,5,,ZG,NB,6556 4834
6/20/2025,F,15,257,14,-4,AF,,,,,6556 4834
,,15,225,21,-1,AF,6,,,,6556 4834
6/21/2025,F,10,230,6,,BF,,,,,6556 4834
,,10,229,19,-4,AF,1,CHARLIE,,,6556 4834
,B,11,241,16,-3,AF,0,,ZG,RD,6556 4834
,,11,221,6,,AF,,,,,6556 4834
,,11,224,19,1,AF,0,,,,6556 4834
,,11,223,12,,AF,,,,,6556 4834
,,11,215,12,,AF,,,,,6556 4834
,B,12,256,6,,BB,,,,,6556 4834
,B,18,239,16,0,AF,2,,,,6556 4834
,,18,213,23,-4,AF,0,,,,6556 4834
,,18,238,15,-2,AB,0,,,,6556 4834
6/22/2025,F,11,222,30,-2,BF,0,,,,6556 4834
,,11,225,19,-3,AB,0,,ZG,MS,6556 4834
,,11,212,12,,AF,,,,,6556 4834
,B,14,239,6,,BB,,,,,6556 4834
,,14,231,23,0,BF,1,,,,6556 4834
,,14,217,22,-3,AF,2,,,,6556 4834
,B,16,232,23,,AF,4,,ZG,MAS,6556 4834
6/23/2025,F,15,232,22,-6,AF,0,STRAIGHTDOWN,ZG,NB,6556 4834
,,15,234,16,-2,AF,0,STRAIGHTDOWN,,,6556 4834
,,15,229,18,-2,AF,0,,,,6556 4834
,B,15,226,24,-5,AF,0,,,,6556 4834
6/24/2025,F,13,220,26,-4,AF,0,,ZG,EB,6556 4834
,,14,218,20,2,AF,0,,,,6556 4834
,B,15,239,6,,BF,,,,,6556 4834
,B,15,228,22,-4,AF,0,,ZG,NB,6556 4834
,,15,219,6,,BF,,,,,6556 4834
6/25/2025,F,13,242,6,,AF,,,MAS,ZG,6556 4834
,,13,224,20,,AF,,,,,6556 4834
,B,15,242,16,-2,AF,0,STRAIGHTDOWN,,,6556 4834
,B,15,242,17,-4,AF,0,STRAIGHTDOWN,ZG,MAS,6556 4834
,,16,228,17,D0,AF,2,FLOP,,,6556 4834
6/26/2025,F,14,232,20,1,AF,0,,TL,MAS,6556 4834
,B,17,228,21,1,AF,3,,TL,EB,6556 4834
6/27/2025,F,13,229,12,-4,AF,0,,ZG,RD,6556 4834
,B/2,13,247,10,1,AF,0,FLOP,ZG,RD,6556 4834
,B,13,225,21,5,BF,2,FRONTFLIPS,,,6556 4834
6/28/2025,F,11,232,19,-4,AF,0,CLIFFHANGER,ZG,MAS,6556 4834
,B,11,242,6,,AF,,,,,6556 4834
,B,13,244,15,-4,AF,0,,TL,MS,6556 4834
,B,15,242,14,D0,AF,3,,,,6556 4834
,,15,232,13,D0,AF,0,,,,6556 4834
,B,16,238,18,-5,AF,0,,,,6556 4834
,B,17,259,6,,BF,,,,,6556 4834
,,17,224,6,,AF,,,,,6556 4834
,B,18,253,11,-2,AF,0,,,,6556 4834
,,18,218,22,-3,AF,0,,,,6556 4834
,,18,212,22,-3,AF,0,,,,6556 4834
6/29/2025,F,9,233,18,W0,AF,0,,ZG,RD,6556 4834
,B,12,227,20,-3,,1,,,,6556 4834
,B,13,218,24,-4,AF,2,,,,6556 4834
,B,14,240,15,W0,AF,1,,,,6556 4834
,,14,230,15,D0,AF,2,,,,6556 4834
,B,16,249,14,-3,AF,1,,MS,NB,6556 4834
,,16,232,21,2,BF,0,,,,6556 4834
,B,18,258,10,D0,AF,3,,,,6556 4834
6/30/2025,F,13,236,18,-2,AF,3,,ZG,EB,6556 4834
,B,13,271,6,2,AF,2,,,,6556 4834
,,13,230,17,-2,AF,1,,,,6556 4834
,B,19,254,6,,AF,,,,,6556 4834
7/1/2025,B,12,267,9,-4,AF,0,STRAIGHTDOWN,ZG,NB,6556 4834
,B,15,244,13,-2,AF,3,,,,6556 4834
,B,15,232,17,W0,AF,1,,,,6556 4834
7/2/2025,F,16,252,13,-1,AF,0,FLOP,MAS,ZG,6556 4834
7/3/2025,F,16,236,19,,AF,,,MAS,TL,6556 4834
7/4/2025,F,11,239,17,1,AF,0,,ZG,JA,6556 4834
,B,16,238,18,-1,AF,0,,ZG,EB,6556 4834
,,16,228,17,W0,AF,0,,,,6556 4834
7/5/2025,F,10,237,26,1,BF,5,,ZS,RD,6556 4834
,B,11,253,14,-4,AF,0,,,,6556 4834
,,11,244,12,-1,AF,1,,,,6556 4834
,,11,239,14,-1,AB,0,DEADMAN,,,6556 4834
,B,11,238,19,-5,AF,0,,ZG,ZS,6556 4834
,B,14,228,21,-3,AF,0,,,,6556 4834
,B,15,235,20,D0,BB,3,,,,6556 4834
,,15,241,14,W0,AF,5,,,,6556 4834
,,15,225,19,-3,AF,0,,,,6556 4834
,B,17,272,6,,AF,0,,,,6556 4834
7/6/2025,F,11,222,22,-3,AF,0,,MS,RD,6556 4834
,B,12,234,19,-1,AF,0,,ZG,EB,6556 4834
7/8/2025,F,15,225,22,-3,AF,0,,ZG,NB,6556 4834
,B,18,260,5,3,AF,0,,,,6556 4834
,B,18,253,6,,BF,,,,,6556 4834
7/10/2025,F,15,237,20,,AF,,,MAS,ZG,6556 4834
7/11/2025,F,14,243,18,-2,AF,4,,ZG,MAS,6556 4834
,B,15,268,6,1,AF,0,,,,6556 4834
,B,16,270,7,-2,AF,0,FLOP,,,6556 4834
7/12/2025,F,9,225,21,D0,AF,0,,JC,RD,6556 4834
,B,10,239,17,-4,AF,0,,,,6556 4834
,,10,225,18,-3,AB,0,,,,6556 4834
,B,11,232,19,1,BF,0,,,,6556 4834
,B,13,232,6,,AF,,,MS,JC,6556 4834
,B,13,222,18,,BF,,4,,,6556 4834
,,15,219,20,-1,AB,1,FLOP,,,6556 4834
,,15,221,22,-4,AF,3,,,,6556 4834
,,15,218,12,,AF,,,MS,MAS,6556 4834
,B,17,233,19,-4,AF,0,,,,6556 4834
,,17,201,12,,AF,,,,,6556 4834
,B,18,231,6,,AF,,,,,6556 4834
7/13/2025,F,11,231,18,D0,AF,3,PUSHDOWN,MS,NB,6556 4834
,B,16,233,16,D0,AF,0,FLOP,ZG,MAS,6556 4834
,,16,216,21,-4,AF,0,STRAIGHTDOWN,,,6556 4834
7/14/2025,F,14,247,6,,BF,,,ZG,NB,6556 4834
,B,16,226,19,D0,AF,1,,ZG,EB,6556 4834
,B,17,259,9,-1,AF,3,,ZG,NB,6556 4834
7/15/2025,F,17,222,22,-3,AF,0,,ZG,JA,6556 4834
,B,17,272,6,,BF,,,,,6556 4834
7/16/2025,F,14,254,11,1,AF,0,,TL,EB,6556 4834
,,14,244,13,-1,AF,1,,,,6556 4834
,,14,239,15,-2,AF,1,,,,6556 4834
,B,15,232,19,-2,AF,1,,TL,MAS,6556 4834
,B,17,260,10,,AF,,,,,6556 4834
7/17/2025,F,14,229,19,D0,AF,2,,MAS,ZG,6556 4834
,,14,220,19,-1,AF,0,,,,6556 4834
,B,15,250,15,,AF,,,,,6556 4834
,,15,229,16,-3,AF,2,,,,6556 4834
,,15,226,19,,BF,,,,,6556 4834
7/18/2025,F,14,224,22,-4,AF,1,CHARLIE,,,6556 4834
,,14,225,21,D0,AB,0,,,,6556 4834
,,14,221,17,D0,AF,0,DEADMAN,,,6556 4834
,B,14,241,16,-5,AF,0,,,,6556 4834
,,14,215,20,W0,AF,0,,,,6556 4834
,B,16,243,14,W0,AF,4,,,,6556 4834
,B,16,220,22,-4,AF,0,,,,6556 4834
,,16,241,10,2,AB,3,,,,6556 4834
,B,19,256,9,W0,AB,0,FLOP,ZG,MAS,6556 4834
,,19,240,11,2,AF,4,,,,6556 4834
7/19/2025,F,7,226,12,,BF,,,ZG,MAS,6556 4834
,B,8,262,10,-2,AB,1,,TL,MAS,6556 4834
,,8,221,18,-1,AF,0,,,,6556 4834
,,8,210,22,-2,AF,0,,,,6556 4834
,,8,213,12,,AF,,,,,6556 4834
,,8,256,8,W0,AF,0,,,,6556 4834
,,8,241,15,-4,AF,1,,,,6556 4834
,B,10,226,21,-2,AF,2,,,,6556 4834
,,10,245,12,-2,AF,0,,,,6556 4834
,,10,234,16,-4,AF,0,,,,6556 4834
,,10,230,15,-3,AF,0,,,,6556 4834
,,10,223,16,W0,AB,0,,,,6556 4834
,B/2,11,217,23,-4,AF,0,,MS,RD,6556 4834
,B ,12,256,13,-3,AF,0,,,,6556 4834
,,12,230,19,1,AF,2,,MS,EB,6556 4834
,B,13,228,22,-5,AF,0,,,,6556 4834
,,13,258,12,-4,AF,0,,,,6556 4834
,,14,239,18,-1,AF,3,,,,6556 4834
,,14,236,6,,AF,,,MS,ED,6556 4834
,,14,221,20,-4,AF,0,,,,6556 4834
,B,15,263,14,-7,AF,0,,,,6556 4834
,B,17,242,6,,AF,,,MS,NB,6556 4834
,B,18,260,8,,BF,0,,,,6556 4834
,,18,229,22,-4,AF,4,,,,6556 4834
7/20/2025,F,10,246,15,-3,AF,1,,ZG,MAS,6556 4834
,,10,226,17,-4,AF,0,,,,6556 4834
,,10,218,19,-3,AF,1,,,,6556 4834
,,10,215,19,-3,AF,0,,,,6556 4834
,,10,211,20,-3,AF,0,,,,6556 4834
,B,11,224,20,-3,AF,0,,ZG,RD,6556 4834
,,11,228,15,W0,AF,1,,,,6556 4834
,,11,233,14,-1,AF,1,,,,6556 4834
,B,13,230,19,-4,AF,0,,,,6556 4834
,,13,212,18,2,AF,1,,,,6556 4834
,,13,204,18,4,AF,0,,,,6556 4834
7/21/2025,B,12,230,6,,AF,,,ZG,NB,6556 4834
7/22/2025,F,12,217,6,,AF,,,MG,MAS,6556 4834
,B,15,232,18,1,AF,4,BIGFLOP,,,6556 4834
,,15,220,18,1,AF,0,SMALLFLOP,,,6556 4834
25-Jul,F,15,246,13,2,AF,0,,ZG,RD,6556 4834
,,15,240,6,,AF,,,ZG,EB,6556 4834
,,15,227,16,1,AF,0,,,,6556 4834
,B,13,271,6,1,AF,0,,,,6556 4834
,,13,214,23,-4,AF,0,STRAIGHTDOWN,,,6556 4834
7/26/2025,F,9,229,18,W0,AB,0,DEADMAN,,,6556 4834
,B,9,227,21,-3,AF,1,,,,6556 4834
,,9,218,21,-3,AF,2,,,,6556 4834
,B,9,231,19,-4,AF,1,,,,6556 4834
,,9,234,14,D0,AF,3,,,,6556 4834
,,9,229,17,D0,AF,6,,,,6556 4834
,B,13,277,5,1,AF,1,,,,6556 4834
,,13,237,15,D0,AB,1,SPINS,,,6556 4834
,,13,231,19,-5,AF,2,,,,6556 4834
,B,13,231,22,-5,AF,2,,,,6556 4834
,B/2,14,254,13,-4,AF,1,,,,6556 4834
,B,14,246,13,-3,AF,0,,,,6556 4834
,B,16,239,14,1,AF,0,,MS,NB,6556 4834
,,16,232,15,2,AF,3,,,,6556 4834
,B,17,223,20,-2,AF,0,,MS,EB,6556 4834
,,17,220,15,4,AF,4,,,,6556 4834
,B,18,222,21,-1,AF,1,,,,6556 4834
,B,20,251,7,,AF,,,,,6556 4834
,,20,238,6,,AF,,,MS,NB,6556 4834
7/27/2025,F,10,230,19,-3,AF,0,,ZG,RK,6556 4834
,B,10,221,27,-1,BF,0,,,,6556 4834
,B,14,256,10,W0,AB,3,,ZG,MAS,6556 4834
,B,14,238,15,-1,AF,0,,,,6556 4834
,B,14,240,17,1,AB,0,,MS,NB,6556 4834
,B/2,18,248,16,-4,AF,4,,MS,EB,6556 4834
,,19,222,24,-5,AF,2,,,,6556 4834
,,19,216,22,-2,AF,4,,,,6556 4834
,,19,227,15,2,AF,4,,,,6556 4834
7/28/2025,F,14,274,7,1,AF,0,,MS,NB,6556 4834
,,14,249,11,-1,AF,0,,,,6556 4834
,,14,235,15,-1,AF,0,,MS,NB,6556 4834
,B,14,247,15,-4,AF,0,,MS,EB,6556 4834
,B ,14,244,20,-4,BF,0,,MS,NB,6556 4834
,,18,232,16,W0,AF,0,,,,6556 4834
,,18,220,20,-2,AF,0,,,,6556 4834
,,18,217,20,2,AF,0,,,,6556 4834
,B,19,272,5,D0,AB,0,,MS,EB,6556 4834
,,19,226,18,-1,AF,0,,,,6556 4834
7/29/2025,F,8,265,10,-1,AF,3,,MAS,ZG,6556 4834
,,8,234,17,-4,AF,2,,,,6556 4834
,B,8,228,21,-3,AF,3,,,,6556 4834
,B,8,252,6,,AF,,,ZG,MAS,6556 4834
,,8,235,16,-4,AF,0,,,,6556 4834
,,8,224,6,,AF,,,,,6556 4834
,B,8,221,20,1,AF,0,FLOP,,,6556 4834
,,8,217,12,,AF,0,,,,6556 4834
7/30/2025,F,8,227,20,-1,AF,1,,ZG,NB,6556 4834
,,8,209,12,,AF,,,,,6556 4834
,B,8,218,12,,AF,,,,,6556 4834
,B,15,223,22,D0,AF,1,,,,6556 4834
,,15,217,12,,AF,,,,,6556 4834
7/31/2025,F,13,258,6,,AF,,,JC,EB,6556 4834
,B,16,225,23,-3,AF,2,,JC,RD,6556 4834
,,16,239,19,-1,AF,0,,,,6556 4834
,,16,231,18,W0,AF,0,,,,6556 4834
,B,17,224,23,-1,AB,2,,JC,EB,6556 4834
,B,17,236,17,W0,AF,0,,,,6556 4834
8/1/2025,F,11,240,17,-3,AB,0,DEADMAN,ZG,MAS,6556 4834
,,11,230,6,,AF,,,,,6556 4834
,B,12,240,16,-2,AF,0,,,,6556 4834
,B,16,258,11,1,AF,1,,ZG,RD,6556 4834
,,16,231,15,1,AF,2,,,,6556 4834
,,16,224,6,,AF,,,,,6556 4834
,B,16,260,6,2,AB,0,,ZG,MAS,6556 4834
,,16,223,18,-1,AB,0,,,,6556 4834
,B,16,267,8,-1,AF,0,,,,6556 4834
,,16,220,17,1,AF,1,FLOP,,,6556 4834
8/2/2025,F,8,241,6,,AF,,,ZG,ZS,6556 4834
,B,11,232,20,-4,AB,0,,,,6556 4834
,,11,234,15,,AF,,,,,6556 4834
,B,14,250,15,-2,AF,0,,,,6556 4834
,,14,244,11,D0,AF,2,,,,6556 4834
,,14,231,15,2,AF,0,,,,6556 4834
,B,16,255,13,-3,AF,0,,,,6556 4834
,B,19,218,24,-5,AF,1,,TL,MS,6556 4834
,B,19,230,17,-3,AF,2,,,,6556 4834
,B,19,232,21,-5,BB,2,,,,6556 4834
8/3/2025,F,10,260,6,2,AF,0,,MS,RD,6556 4834
,B,11,235,17,1,AF,0,,,,6556 4834
,,11,213,18,0,AF,1,,,,6556 4834
,B,12,218,22,-2,AF,0,,,,6556 4834
,B,12,218,23,-5,AB,1,,,,6556 4834
,,12,213,20,1,AF,1,,,,6556 4834
,B,12,264,8,1,AF,2,,,,6556 4834
,,12,264,5,-1,AF,0,,,,6556 4834
,B,12,239,18,-5,AF,0,,,,6556 4834
,,12,224,17,,AF,,,,,6556 4834
,B,16,262,9,-1,AF,0,,,,6556 4834
,,16,219,20,-1,AF,1,,,,6556 4834
,B,17,244,15,-1,AF,0,,,,6556 4834
8/4/2025,B,10,252,13,-1,AF,0,,ZG,NB,6556 4834
,B,12,258,14,3,AF,0,BIGFLOP,,,6556 4834
,B,12,242,14,-1,AF,0,FLOP,,,6556 4834
,,12,219,20,-2,AF,0,,,,6556 4834
,B,13,213,21,,BB,,,ZG,JA,6556 4834
,,13,252,6,4,BF,1,,,,6556 4834
,,13,238,20,-1,BF,3,,,,6556 4834
,,13,234,6,,BB,,,,,6556 4834
8/5/2025,F,15,255,13,-3,AF,1,,ZG,EB,6556 4834
8/6/2025,F,13,251,14,1,AF,3,,TL,EB,6556 4834
,B,15,272,5,1,AF,0,,,,6556 4834
,,15,246,11,W0,AF,0,,,,6556 4834
8/8/2025,N,12,247,6,12,AF,0,,ZG,RD,6557 4834
,B,13,222,18,5,AF,0,,,,6557 4834
,,13,221,15,6,AF,0,FLOP,,,6557 4834
,B,12,224,22,4,AF,2,,,,6557 4834
,B,13,225,25,-3,AF,0,,,,6557 4834
8/9/2025,F,8,248,14,4,AF,0,,ZS,ZG,6557 4834
,,8,230,19,1,AF,0,,,,6557 4834
,,8,225,23,-3,AF,2,,,,6557 4834
,B,9,224,24,-2,AF,0,,,,6557 4834
,B,9,234,21,D0,AF,1,,,,6557 4834
,,9,212,26,D0,AF,1,,,,6557 4834
,B,12,239,21,-3,AF,3,,,,6557 4834
,B,12,233,29,-3,BF,2,FRONTFLIPS,,,6557 4834
,,12,238,6,,AF,,,,,6557 4834
,,12,221,23,-1,AF,2,,,,6557 4834
,,12,212,28,-3,AF,3,CHARLIE,,,6557 4834
,,12,236,25,-2,AF,3,GAINER,,,6557 4834
,B,14,222,25,-2,AF,2,,,,6557 4834
,,14,221,22,W0,AF,2,,,,6557 4834
,,14,212,26,W0,AF,2,,,,6557 4834
,B,15,263,6,,AF,,,,,6557 4834
,,15,230,19,-1,AF,0,DEADMAN,,,6557 4834
,,15,235,18,D0,2,,,,,6557 4834
,,15,226,23,-4,AF,1,,,,6557 4834
,,15,215,24,-1,AF,2,,,,6557 4834
,,15,211,24,D0,AF,0,,,,6557 4834
,,15,203,9,,AF,,,,,6557 4834
,B,15,234,23,-1,AF,3,,,,6557 4834
8/10/2025,F,9,247,19,-1,AF,,,MS,RD,6557 4834
,B,9,220,15,,BF,,,,,6557 4834
,B,11,213,27,-2,AF,0,,,,6557 4834
,B,11,210,6,,AF,,,,,6557 4834
,B,11,233,22,-4,AF,0,,,,6557 4834
,B,12,205,12,,AF,,,,,6557 4834
,,12,223,12,,AF,,,,,6557 4834
,,12,208,6,,AF,,,,,6557 4834
,B/2,12,237,19,D0,AF,0,,,,6557 4834
8/11/2025,F,12,267,12,4,AF,0,,ZG,NB,6557 4834
,B ,12,248,19,-4,AF,1,,,,6557 4834
,B,13,232,22,-1,AF,2,,,,6557 4834
8/12/2025,F,12,249,17,1,AF,0,FLOP,ZG,NB,6557 4834
8/13/2025,F,12,241,6,,AF,,,MS,JL,6557 4834
,,13,233,12,,AF,,,,,6557 4834
,B/2,16,237,19,W0,AF,0,,,,6557 4834
8/14/2025,F,13,239,18,,AF,,,JL,RD,6557 4834
8/15/2025,F,12,237,21,2,AF,2,,TL,RD,6557 4834
,B,12,225,24,1,AF,0,,TL,NB,6557 4834
,B,14,231,6,,AF,,,,,6557 4834
,,15,218,25,-3,AF,0,,,,6557 4834
8/16/2025,F,12,226,25,W0,AF,0,,ZS,JA,6557 4834
,,12,261,14,-3,AF,4,,,,6557 4834
,,12,240,19,-3,AF,0,,ZS,RD,6557 4834
,,12,234,22,-3,AF,1,,,,6557 4834
,,12,221,15,,AF,,,,,6557 4834
,B,16,245,21,-4,AF,0,,MS,MAS,6557 4834
,,17,241,17,D0,AF,4,,,,6557 4834
,B,17,239,28,-3,BF,0,,,,6557 4834
,,17,224,23,-2,AF,0,,,,6557 4834
,,17,215,6,,AF,,,,,6557 4834
,B,19,232,28,-5,AF,3,,,,6557 4834
,,19,247,17,2,AF,0,,,,6557 4834
,,19,239,17,1,AF,1,,,,6557 4834
8/17/2025,F,12,211,6,,AF,,,OAB,ZG,6557 4834
,B,12,231,6,,AF,,,OAB,TL,6557 4834
,B,15,234,24,-4,AF,0,,TL,EB,6557 4834
,,15,220,12,,AF,,,,,6557 4834
,B,17,251,17,D0,AF,0,,MS,TL,6557 4834
,,17,240,19,-2,AF,3,,,,6557 4834
,B,17,257,16,-3,AF,2,,,,6557 4834
,,18,209,27,-3,AF,0,,,,6557 4834
,,18,235,12,,AF,,,,,6557 4834
,,18,256,15,-2,AF,1,,,,6557 4834
8/18/2025,F,12,228,24,D0,AF,1,,ZG,NB,6557 4834
,B,15,239,22,-5,AF,0,,ZG,EB,6557 4834
,,15,233,18,D0,AF,0,,,,6557 4834
,B,16,244,18,-4,AF,0,STRAIGHTDOWN,,,6557 4834
,,16,223,22,-2,AF,3,,,,6557 4834
,B,17,242,6,,AF,,,,,6557 4834
8/20/2025,F,16,229,25,-2,AF,1,,ZG,JA,6557 4834
,,16,225,20,-2,AF,1,,,,6557 4834
,,16,217,12,,AF,,,,,6557 4834
,B,16,228,23,-3,AF,0,,,,6557 4834
,,16,223,20,-2,AF,0,,,,6557 4834
,B,17,257,14,-3,AF,0,,,,6557 4834
,,17,259,9,2,AF,2,,,,6557 4834
,,17,221,6,,AF,,,,,6557 4834
,B,17,258,15,-2,AF,0,,,,6557 4834
8/22/2025,F,10,228,23,1,AB,2,,JC,EB,6557 4834
,B ,10,220,26,-5,AF,0,,,,6557 4834
,,10,217,21,2,AF,0,,,,6557 4834
,B,10,229,25,-3,AF,4,,,,6557 4834
,B,15,229,22,-2,AF,0,,TL,MAS,6557 4834
,B ,18,227,23,-4,AF,1,,TL,EB,6557 4834
8/23/2025,F,9,255,16,-3,AF,0,,,,6557 4834
,,9,223,22,-3,AF,1,,,,6557 4834
,B,10,272,15,W0,BF,0,,,,6557 4834
,,10,253,12,-1,AF,0,,,,6557 4834
,B,13,243,19,-3,AF,1,,,,6557 4834
,B,14,264,11,D0,AF,1,,,,6557 4834
,,14,210,18,,AF,,,,,6557 4834
,B,15,218,18,,AF,,,,,6557 4834
,B,15,235,21,-1,AF,0,,,,6557 4834
8/24/2025,F,9,224,25,-2,AF,3,,ZS,RD,6557 4834
,B,10,243,6,,AF,,,,,6557 4834
,B,13,225,23,W0,AF,1,,,,6557 4834
,,13,223,21,1,AF,4,,,,6557 4834
,B,16,230,12,,AF,,,,,6557 4834
8/25/2025,F,13,227,24,-2,AB,2,,,,6557 4834
,B,14,238,21,-5,AF,0,,,,6557 4834
,B,15,238,19,-1,AF,0,,,,6557 4834
,B,15,250,6,,AF,,,,,6557 4834
,,15,235,16,W0,AF,0,FLOP,,,6557 4834
,,15,222,12,,AF,,,,,6557 4834
8/26/2025,F,14,229,22,W0,AF,1,,MS,ZG,6557 4834
,B ,15,262,13,-4,AF,0,,,,6557 4834
8/27/2025,B ,12,251,15,W0,AF,0,,MAS,NB,6557 4834
8/28/2025,F,15,232,22,1,AF,0,,JL,RD,6557 4834
8/29/2025,F,15,228,23,1,AF,2,,ZG,NB,6557 4834
,B ,15,240,12,,AF,,,,,6557 4834
,,15,223,21,D0,AF,1,W2,,,6557 4834
,,16,223,21,-3,AF,0,,,,6557 4834
,,16,216,6,,AF,,,,,6557 4834
8/30/2025,F,9,249,19,-2,AF,0,,MS,RD,6557 4834
,,9,207,25,-2,AF,0,,,,6557 4834
,B ,11,227,6,,AF,,,,,6557 4834
,,11,225,5,,AF,,,,,6557 4834
,,11,244,14,D0,AB,0,,,,6557 4834
,,11,213,6,,AF,,,,,6557 4834
,,11,213,24,-1,AF,1,,,,6557 4834
,,11,211,27,-5,AF,0,,,,6557 4834
,B ,11,244,19,-1,AF,3,,,,6557 4834
,,12,244,6,,AF,,,,,6557 4834
,,12,213,27,-5,AF,0,,,,6557 4834
,,13,214,6,,AF,,,,,6557 4834
,,13,205,9,,AF,,,,,6557 4834
,,13,204,9,,AF,,,,,6557 4834
,,13,201,9,,AF,,,,,6557 4834
,B ,14,213,12,,AF,,,,,6557 4834
,,14,233,19,-4,AF,0,,,,6557 4834
,,14,226,12,,AF,,,,,6557 4834
,,14,225,20,-3,AF,0,,,,6557 4834
,,14,205,12,,AF,,,,,6557 4834
,,14,206,12,,AF,,,,,6557 4834
,B ,15,223,21,1,AF,2,,,,6557 4834
,B ,17,231,19,W0,AF,3,,,,6557 4834
,,17,217,12,,AF,,,,,6557 4834
8/31/2025,F,9,218,27,D0,AF,2,,ZS ,MS,6557 4834
,,9,215,6,,AF,,,,,6557 4834
,,9,200,18,,AF,,,,,6557 4834
,B ,10,214,29,-5,AF,2,,,,6557 4834
,,10,231,6,,AF,,,,,6557 4834
,,10,226,6,,AF,,,,,6557 4834
,,10,214,25,-5,AF,0,,,,6557 4834
,,10,213,24,-2,AF,3,,,,6557 4834
,B ,11,224,23,D0,AF,2,,,,6557 4834
,B ,12,239,6,,AF,,,,,6557 4834
,,12,215,23,-3,AF,0,,,,6557 4834
,,12,200,27,1,AF,2,,,,6557 4834
,,12,199,29,-2,AF,2,,,,6557 4834
,B ,12,230,22,-4,AF,1,,ZG,MAS,6557 4834
,B ,15,228,22,-1,AF,0,FLOP SPINS,,,6557 4834
,B ,15,271,5,,BF,0,,,,6557 4834
,,15,240,13,-1,AF,0,,,,6557 4834
,,15,253,6,,BF,,,,,6557 4834
,B ,15,240,17,D0,AF,0,FLOP  ,,,6557 4834
,,15,222,20,-3,AF,0,,,,6557 4834
,,15,216,22,-1,AF,0,,,,6557 4834
,,15,214,6,,AF,,,,,6557 4834
,B ,18,219,6,,AF,,,,,6557 4834
9/1/2025,F,9,226,6,,AF,,,,,6557 4834
,B ,11,225,6,,AF,,,,,6557 4834
,,11,203,12,,AF,,,,,6557 4834
,B ,12,251,14,D0,AF,0,,ZG,MAS,6557 4834
9/2/2025,F,12,268,6,3,AF,0,,,,6557 4834
,B ,12,269,6,,AF,,,,,6557 4834
9/4/2025,F,12,275,8,D0,AF,0,,MS,ZG,6557 4834
,,12,259,10,-1,AF,0,CLIFFHANGER,,,6557 4834
,,12,230,6,,AF,,,,,6557 4834
9/5/2025,F,15,246,17,-3,AF,0,,ZG,NB,6557 4834
,B ,16,233,18,4,AF,2,W3,,,6557 4834
9/6/2025,F,9,245,6,,AF,,,MS,RD,6557 4834
,B ,14,224,6,,AF,,,TL,ZG,6557 4834
,B ,14,249,13,W0,AF,1,,,,6557 4834
,,14,246,12,1,AF,2,,,,6557 4834
,B ,15,231,21,-1,AF,2,,ZG,MAS,6557 4834
,,15,224,19,D0,AF,3,,,,6557 4834
,,15,215,6,,BF,,,,,6557 4834
,B ,16,273,5,1,AF,,,ZG,NB,6557 4834
,B ,16,223,24,-2,AF,5,,,,6557 4834
9/7/2025,F,10,225,6,,BF,,,MS,RD,6557 4834
,,10,224,18,3,AF,0,,,,6557 4834
,B ,11,229,6,,AF,,,,,6557 4834
,,11,218,6,,AF,,,,,6557 4834
,B ,11,226,21,-3,AF,0,,,,6557 4834
,B ,14,271,6,,AF,,,,,6557 4834
,,14,206,26,-3,AF,0,,,,6557 4834
,B ,16,237,22,-5,AB,1,,,,6557 4834
9/11/2025,F,14,253,12,2,AF,1,,,,6557 4834
,,14,252,11,W0,AF,0,,,,6557 4834
,,14,230,18,W0,AF,0,DEADMAN,,,6557 4834
,B ,16,230,6,,AF,,,,,6557 4834
,,16,260,10,W0,AF,0,,,,6557 4834
9/13/2025,F,10,229,21,D0,AF,0,,,,6557 4834
,B ,10,233,22,-4,AF,0,,,,6557 4834
,,10,215,6,,BB,,,,,
